academic_year,division,conference,conference_strength,team_count,conference_rank
2014,1,ACC,0.654899143000191,6,1
2014,1,ASUN,0.3744993080737646,6,10
2014,1,America East,0.47448046534600613,6,6
2014,1,Big East,0.4750736743240864,7,5
2014,1,CAA,0.5592204306547215,6,2
2014,1,ECAC,0.5255277970503415,5,4
2014,1,Ivy League,0.5525615330989202,7,3
2014,1,MAAC,0.4135837248126384,7,9
2014,1,NEC,0.42191746730654656,7,8
2014,1,Patriot,0.45799846424421786,9,7
2014,2,Conference Carolinas,0.5437126992396026,5,1
2014,2,ECAC-II,0.4825447845019716,8,6
2014,2,ECC,0.5185789880820554,8,2
2014,2,Independent,0.42125733109384644,7,7
2014,2,NE10,0.5044636235721507,11,3
2014,2,SAC,0.49407306399652173,8,5
2014,2,Sunshine State,0.5007958981545225,6,4
2015,1,ACC,0.6842971196783274,5,1
2015,1,America East,0.5056505218930352,6,5
2015,1,Big East,0.5280689504519617,6,3
2015,1,Big Ten,0.5247865208815424,6,4
2015,1,CAA,0.47555734102435104,6,7
2015,1,Ivy League,0.5535992896626187,7,2
2015,1,MAAC,0.4247894606205326,7,9
2015,1,NEC,0.4315808701798224,7,8
2015,1,Patriot,0.503842737630343,9,6
2015,1,SoCon,0.4150772682043941,7,10
2015,2,Conference Carolinas,0.521192143100734,6,3
2015,2,ECAC-II,0.5412763287071386,7,2
2015,2,ECC,0.4782852121728338,9,5
2015,2,Independent,0.36487143101487013,7,7
2015,2,NE10,0.5061098795678144,12,4
2015,2,SAC,0.4763574087910592,9,6
2015,2,Sunshine State,0.5435789855281427,6,1
2016,1,ACC,0.599973716781113,5,1
2016,1,America East,0.5168115638738071,6,4
2016,1,Big East,0.49997721220590136,6,6
2016,1,Big Ten,0.5460190088473945,6,2
2016,1,CAA,0.5071770005592794,6,5
2016,1,Ivy League,0.5183075589531125,7,3
2016,1,MAAC,0.41843905765303596,7,10
2016,1,NEC,0.4804975381114564,7,8
2016,1,Patriot,0.4925944333571672,9,7
2016,1,SoCon,0.4445925211902157,8,9
2016,2,Conference Carolinas,0.5549978530544445,6,2
2016,2,ECAC-II,0.5342345159190052,9,3
2016,2,ECC,0.4990224625621518,9,5
2016,2,Independent,0.3204796541762168,7,8
2016,2,NE10,0.5065846419373342,12,4
2016,2,RMAC,0.46498483600653484,4,6
2016,2,SAC,0.45029369656651863,9,7
2016,2,Sunshine State,0.6029671453052483,6,1
2017,1,ACC,0.6063735505128739,5,2
2017,1,America East,0.5344161992020304,6,3
2017,1,Big East,0.495461647138042,6,6
2017,1,Big Ten,0.6407960069382366,6,1
2017,1,CAA,0.5338080779023479,6,4
2017,1,Ivy League,0.49693300133980545,7,5
2017,1,MAAC,0.41238184120351346,7,10
2017,1,NEC,0.4703539428225644,7,8
2017,1,Patriot,0.47852795150722344,9,7
2017,1,SoCon,0.42312817131069214,8,9
2017,2,Conference Carolinas,0.4746446247336975,8,6
2017,2,ECC,0.5073906394755169,9,5
2017,2,G-MAC,0.3947644601521813,3,7
2017,2,Independent,0.3862488983942273,9,8
2017,2,NE10,0.5088639931394034,12,4
2017,2,RMAC,0.5169700719087793,5,3
2017,2,SAC,0.5201757875735193,9,2
2017,2,Sunshine State,0.5631667864039298,6,1
2018,1,ACC,0.5958345004121091,5,1
2018,1,America East,0.4911055401770684,7,6
2018,1,Big East,0.5352683996636007,6,4
2018,1,Big Ten,0.5950508596827736,6,2
2018,1,CAA,0.4695646290832111,6,8
2018,1,Ivy League,0.5364371037422456,7,3
2018,1,MAAC,0.412580243781172,7,10
2018,1,NEC,0.4729538289309136,7,7
2018,1,Patriot,0.5046703295396655,9,5
2018,1,SoCon,0.4319980112036627,7,9
2018,2,CACC,0.3446784640984557,6,10
2018,2,Conference Carolinas,0.5356184544840943,6,2
2018,2,DII Independent,0.42744236058816076,3,9
2018,2,ECC,0.531390591778213,7,4
2018,2,G-MAC,0.4597732974947934,7,8
2018,2,GLVC,0.4671132449157623,6,7
2018,2,NE10,0.5241625855003232,12,5
2018,2,RMAC,0.5562786799168293,4,1
2018,2,SAC,0.5055922455131313,9,6
2018,2,Sunshine State,0.5342737083912175,8,3
2019,1,ACC,0.6260630126380058,5,1
2019,1,America East,0.41754628134370214,7,10
2019,1,Big East,0.5118424003249015,6,5
2019,1,Big Ten,0.5787852507359657,6,2
2019,1,CAA,0.5212341528735803,6,4
2019,1,DI Independent,0.4023864037338739,4,11
2019,1,Ivy League,0.5282388270705812,7,3
2019,1,MAAC,0.4300840067545206,8,9
2019,1,NEC,0.4592923518360257,7,7
2019,1,Patriot,0.5045372807748254,9,6
2019,1,SoCon,0.4449643480544021,8,8
2019,2,CACC,0.37375188344116345,6,9
2019,2,Conference Carolinas,0.4945507979579302,8,6
2019,2,ECC,0.4991306254232536,7,5
2019,2,G-MAC,0.4200847911017257,7,8
2019,2,GLVC,0.4634619161147955,6,7
2019,2,NE10,0.5211701770923183,12,2
2019,2,RMAC,0.519402618445414,5,3
2019,2,SAC,0.5049546145230982,9,4
2019,2,Sunshine State,0.5685261594247047,8,1
2020,1,ACC,0.6538763008044051,5,1
2020,1,America East,0.5180691327160863,7,7
2020,1,Big East,0.5830252354692578,6,3
2020,1,Big Ten,0.5635820906331704,6,4
2020,1,CAA,0.5216223777520478,6,6
2020,1,DI Independent,0.3431808233463565,3,11
2020,1,Ivy League,0.6399281558100268,7,2
2020,1,MAAC,0.36111132338571994,8,10
2020,1,NEC,0.4264011771903704,8,9
2020,1,Patriot,0.5231708661028608,9,5
2020,1,SoCon,0.43146946268439657,8,8
2020,2,CACC,0.47808515216913766,7,7
2020,2,Conference Carolinas,0.5205900860481382,8,5
2020,2,ECC,0.514064311937116,7,6
2020,2,G-MAC,0.45992027911348043,6,9
2020,2,GLVC,0.5276592899732493,10,2
2020,2,NE10,0.5273217933565347,11,3
2020,2,RMAC,0.4624949513842814,4,8
2020,2,SAC,0.549536047957773,9,1
2020,2,Sunshine State,0.5253397328648094,8,4
2021,1,ACC,0.6767104957065653,5,1
2021,1,America East,0.46185285602263204,8,7
2021,1,Big East,0.48626262394398645,6,4
2021,1,Big Ten,0.49949108416621707,6,3
2021,1,CAA,0.5036910438806195,6,2
2021,1,DI Independent,0.4258513000261033,3,10
2021,1,MAAC,0.4657613900360757,7,6
2021,1,NEC,0.44326764290981796,7,8
2021,1,Patriot,0.46966185471386157,9,5
2021,1,SoCon,0.42741790593442314,7,9
2021,2,CACC,0.4480820099769511,7,10
2021,2,Conference Carolinas,0.4646432068052828,7,6
2021,2,ECC,0.4679893348201112,4,5
2021,2,G-MAC,0.45827826508579744,7,8
2021,2,GLVC,0.4697263610075587,7,4
2021,2,NE10,0.47937911329068084,11,3
2021,2,Peach Belt,0.46289652372841283,4,7
2021,2,RMAC,0.454440232087224,4,9
2021,2,SAC,0.5123899451188383,11,1
2021,2,Sunshine State,0.4942685634723971,7,2
2022,1,ACC,0.5746736979118436,5,2
2022,1,ASUN,0.4338037735588213,6,9
2022,1,America East,0.40318650666908024,7,11
2022,1,Big East,0.501879963507828,6,5
2022,1,Big Ten,0.5735347092571,6,3
2022,1,CAA,0.5020135551426531,6,4
2022,1,Ivy League,0.6055150920743794,7,1
2022,1,MAAC,0.41826198602831904,7,10
2022,1,NEC,0.45000238025967476,7,7
2022,1,Patriot,0.486210529716733,9,6
2022,1,SoCon,0.44371889266425385,6,8
2022,2,CACC,0.4545382656808302,7,6
2022,2,Conference Carolinas,0.45387409464487144,7,7
2022,2,ECC,0.42257424695269635,6,8
2022,2,G-MAC,0.41067232328650494,7,9
2022,2,GLVC,0.5538881198156896,7,2
2022,2,NE10,0.5153912326887263,11,4
2022,2,Peach Belt,0.3987507574768611,6,10
2022,2,RMAC,0.4806662907770788,4,5
2022,2,SAC,0.520492926677067,11,3
2022,2,Sunshine State,0.5596979240828877,8,1
2023,1,ACC,0.6562183441247262,5,1
2023,1,ASUN,0.5189178926703005,8,4
2023,1,America East,0.46773186742183126,7,7
2023,1,Atlantic 10,0.4865363735234733,6,6
2023,1,Big East,0.5102715427178937,6,5
2023,1,Big Ten,0.5865392264611712,6,2
2023,1,CAA,0.4501950248063707,8,9
2023,1,Ivy League,0.5395109594173221,7,3
2023,1,MAAC,0.4245584819591401,10,10
2023,1,Patriot,0.46640447619352127,9,8
2023,2,CACC,0.42008803460780586,8,10
2023,2,Conference Carolinas,0.4206692702999498,7,9
2023,2,ECC,0.5103434657236039,6,5
2023,2,G-MAC,0.4492076321947044,8,8
2023,2,GLVC,0.559823411992375,6,1
2023,2,NE10,0.5291950594928988,11,4
2023,2,Peach Belt,0.46216556022217614,6,6
2023,2,RMAC,0.45103759882003547,4,7
2023,2,SAC,0.540156236823693,10,3
2023,2,Sunshine State,0.5495264650450747,8,2
2024,1,ACC,0.6549075744388887,5,1
2024,1,ASUN,0.4893488233780715,8,6
2024,1,America East,0.4521387919251427,8,8
2024,1,Atlantic 10,0.47257945178230165,6,7
2024,1,Big East,0.5319041648996398,6,4
2024,1,Big Ten,0.5844481412288135,6,2
2024,1,CAA,0.4444221402316628,8,10
2024,1,Ivy League,0.5393913438325767,7,3
2024,1,MAAC,0.4491257860424375,10,9
2024,1,Patriot,0.49878739467863326,9,5
2024,2,CACC,0.4490893830478304,9,10
2024,2,Conference Carolinas,0.44978208852581625,8,9
2024,2,ECC,0.47035461587268695,7,7
2024,2,G-MAC,0.48424759389872646,8,6
2024,2,GLVC,0.5816029354520446,7,1
2024,2,NE10,0.5427081953720629,10,3
2024,2,Peach Belt,0.5244665339760708,5,5
2024,2,RMAC,0.4525830750814886,5,8
2024,2,SAC,0.5269591068058572,10,4
2024,2,Sunshine State,0.5663011519256722,8,2
2025,1,ACC,0.6075424910595001,5,1
2025,1,ASUN,0.45940180928937613,5,9
2025,1,America East,0.4369783714442656,7,10
2025,1,Atlantic 10,0.5236155191204319,6,4
2025,1,Big East,0.4957856595757019,6,6
2025,1,Big Ten,0.5977965401829194,6,2
2025,1,CAA,0.47708298445950614,8,7
2025,1,Ivy League,0.5619372640744074,7,3
2025,1,MAAC,0.4163253914883527,9,11
2025,1,NEC,0.46189328842708943,6,8
2025,1,Patriot,0.49934318680422884,9,5
2025,2,CACC,0.449075785420888,9,8
2025,2,Conference Carolinas,0.4026222669630377,9,10
2025,2,ECC,0.4545565962400051,7,6
2025,2,G-MAC,0.4507880808482999,9,7
2025,2,GLVC,0.5035051927941896,6,5
2025,2,NE10,0.5503184626072163,9,1
2025,2,Peach Belt,0.5310993841350746,4,3
2025,2,RMAC,0.4346856087091761,5,9
2025,2,SAC,0.5220244258041152,11,4
2025,2,Sunshine State,0.5501172892435405,8,2
