team_id,team_name,season,division,conference,player_name,jersey_number,position,class_year,games_played,games_started,goals,assists,points,shots,shots_on_goal,shot_pct,ground_balls,turnovers,caused_turnovers,faceoffs_won,faceoffs_lost,faceoff_pct,man_up_goals,man_down_goals,saves,goals_allowed,save_pct,minutes_played,source_method,source_url,scraped_at_utc
593960,Johns Hopkins,2024,D1,Big Ten,"Angelus, Jacob Angelus, Jacob",,,,25,,25,44,69,.490,.725,,20,39,1,,,,0,1,,,,,team_site_player_cumulative,https://hopkinssports.com/sports/mens-lacrosse/stats/2024,2026-03-22T15:23:43+00:00
593960,Johns Hopkins,2024,D1,Big Ten,"Degnon, Garrett Degnon, Garrett",,,,47,,47,7,54,.370,.575,,33,9,8,,,,7,0,,,,,team_site_player_cumulative,https://hopkinssports.com/sports/mens-lacrosse/stats/2024,2026-03-22T15:23:43+00:00
593960,Johns Hopkins,2024,D1,Big Ten,"Collison, Matt Collison, Matt",,,,23,,23,10,33,.299,.558,,4,20,0,,,,5,0,,,,,team_site_player_cumulative,https://hopkinssports.com/sports/mens-lacrosse/stats/2024,2026-03-22T15:23:43+00:00
593960,Johns Hopkins,2024,D1,Big Ten,"Melendez, Russell Melendez, Russell",,,,19,,19,8,27,.297,.672,,10,16,4,,,,4,0,,,,,team_site_player_cumulative,https://hopkinssports.com/sports/mens-lacrosse/stats/2024,2026-03-22T15:23:43+00:00
593960,Johns Hopkins,2024,D1,Big Ten,"Bauer, Dylan Bauer, Dylan",,,,10,,10,14,24,.294,.706,,8,17,2,,,,0,0,,,,,team_site_player_cumulative,https://hopkinssports.com/sports/mens-lacrosse/stats/2024,2026-03-22T15:23:43+00:00
593960,Johns Hopkins,2024,D1,Big Ten,"Peshko, Johnathan Peshko, Johnathan",,,,17,,17,4,21,.333,.588,,7,11,3,,,,1,0,,,,,team_site_player_cumulative,https://hopkinssports.com/sports/mens-lacrosse/stats/2024,2026-03-22T15:23:43+00:00
593960,Johns Hopkins,2024,D1,Big Ten,"Grimes, Brendan Grimes, Brendan",,,,11,,11,5,16,.275,.650,,4,8,0,,,,0,0,,,,,team_site_player_cumulative,https://hopkinssports.com/sports/mens-lacrosse/stats/2024,2026-03-22T15:23:43+00:00
593960,Johns Hopkins,2024,D1,Big Ten,"Chauvette, Hunter Chauvette, Hunter",,,,14,,14,1,15,.333,.595,,0,8,0,,,,2,0,,,,,team_site_player_cumulative,https://hopkinssports.com/sports/mens-lacrosse/stats/2024,2026-03-22T15:23:43+00:00
593960,Johns Hopkins,2024,D1,Big Ten,"Ayers, Jimmy Ayers, Jimmy",,,,6,,6,2,8,.200,.600,,7,5,2,,,,0,0,,,,,team_site_player_cumulative,https://hopkinssports.com/sports/mens-lacrosse/stats/2024,2026-03-22T15:23:43+00:00
593960,Johns Hopkins,2024,D1,Big Ten,"McDermott, Casey McDermott, Casey",,,,4,,4,3,7,.190,.429,,18,12,2,,,,0,0,,,,,team_site_player_cumulative,https://hopkinssports.com/sports/mens-lacrosse/stats/2024,2026-03-22T15:23:43+00:00
593960,Johns Hopkins,2024,D1,Big Ten,"Jaronski, Hunter Jaronski, Hunter",,,,3,,3,2,5,.600,1.000,,20,2,7,,,,0,0,,,,,team_site_player_cumulative,https://hopkinssports.com/sports/mens-lacrosse/stats/2024,2026-03-22T15:23:43+00:00
593960,Johns Hopkins,2024,D1,Big Ten,"English, Brooks English, Brooks",,,,1,,1,3,4,.167,.333,,3,1,0,,,,0,0,,,,,team_site_player_cumulative,https://hopkinssports.com/sports/mens-lacrosse/stats/2024,2026-03-22T15:23:43+00:00
593960,Johns Hopkins,2024,D1,Big Ten,"Smith, Scott V. Smith, Scott V.",,,,2,,2,0,2,.333,.500,,56,14,14,,,,0,0,,,,,team_site_player_cumulative,https://hopkinssports.com/sports/mens-lacrosse/stats/2024,2026-03-22T15:23:43+00:00
593960,Johns Hopkins,2024,D1,Big Ten,"Kilrain, Quintan Kilrain, Quintan",,,,1,,1,1,2,.143,.714,,33,5,11,,,,0,0,,,,,team_site_player_cumulative,https://hopkinssports.com/sports/mens-lacrosse/stats/2024,2026-03-22T15:23:43+00:00
593960,Johns Hopkins,2024,D1,Big Ten,"Martin, Brett Martin, Brett",,,,0,,0,2,2,.000,.667,,15,2,9,,,,0,0,,,,,team_site_player_cumulative,https://hopkinssports.com/sports/mens-lacrosse/stats/2024,2026-03-22T15:23:43+00:00
593960,Johns Hopkins,2024,D1,Big Ten,"Dunn, Tyler Dunn, Tyler",,,,1,,1,0,1,.500,.500,,36,4,3,,,,0,0,,,,,team_site_player_cumulative,https://hopkinssports.com/sports/mens-lacrosse/stats/2024,2026-03-22T15:23:43+00:00
593960,Johns Hopkins,2024,D1,Big Ten,"Raposo, Jakson Raposo, Jakson",,,,1,,1,0,1,.250,.750,,12,0,5,,,,0,0,,,,,team_site_player_cumulative,https://hopkinssports.com/sports/mens-lacrosse/stats/2024,2026-03-22T15:23:43+00:00
593960,Johns Hopkins,2024,D1,Big Ten,"Aviles, Brandon Aviles, Brandon",,,,0,,0,1,1,.000,.400,,15,1,13,,,,0,0,,,,,team_site_player_cumulative,https://hopkinssports.com/sports/mens-lacrosse/stats/2024,2026-03-22T15:23:43+00:00
593960,Johns Hopkins,2024,D1,Big Ten,"Deans, Patrick Deans, Patrick",,,,0,,0,1,1,.000,.667,,21,1,16,,,,0,0,,,,,team_site_player_cumulative,https://hopkinssports.com/sports/mens-lacrosse/stats/2024,2026-03-22T15:23:43+00:00
593960,Johns Hopkins,2024,D1,Big Ten,"Evans, Ryan Evans, Ryan",,,,0,,0,1,1,.000,.500,,2,2,1,,,,0,0,,,,,team_site_player_cumulative,https://hopkinssports.com/sports/mens-lacrosse/stats/2024,2026-03-22T15:23:43+00:00
593960,Johns Hopkins,2024,D1,Big Ten,"Arteaga, Marcelo Arteaga, Marcelo",,,,0,,0,0,0,.000,.000,,0,0,0,,,,0,0,,,,,team_site_player_cumulative,https://hopkinssports.com/sports/mens-lacrosse/stats/2024,2026-03-22T15:23:43+00:00
593960,Johns Hopkins,2024,D1,Big Ten,"Brown, Carson Brown, Carson",,,,0,,0,0,0,.000,.000,,7,1,1,,,,0,0,,,,,team_site_player_cumulative,https://hopkinssports.com/sports/mens-lacrosse/stats/2024,2026-03-22T15:23:43+00:00
593960,Johns Hopkins,2024,D1,Big Ten,"Callahan, Logan Callahan, Logan",,,,0,,0,0,0,.000,.250,,71,4,2,,,,0,0,,,,,team_site_player_cumulative,https://hopkinssports.com/sports/mens-lacrosse/stats/2024,2026-03-22T15:23:43+00:00
593960,Johns Hopkins,2024,D1,Big Ten,"Chauvette, Cameron Chauvette, Cameron",,,,0,,0,0,0,.000,.000,,1,0,0,,,,0,0,,,,,team_site_player_cumulative,https://hopkinssports.com/sports/mens-lacrosse/stats/2024,2026-03-22T15:23:43+00:00
593960,Johns Hopkins,2024,D1,Big Ten,"Ierlan, Chayse Ierlan, Chayse",,,,0,,0,0,0,.000,.250,,24,9,1,,,,0,0,,,,,team_site_player_cumulative,https://hopkinssports.com/sports/mens-lacrosse/stats/2024,2026-03-22T15:23:43+00:00
593960,Johns Hopkins,2024,D1,Big Ten,"Ince, Cody Ince, Cody",,,,0,,0,0,0,.000,.000,,3,0,1,,,,0,0,,,,,team_site_player_cumulative,https://hopkinssports.com/sports/mens-lacrosse/stats/2024,2026-03-22T15:23:43+00:00
593960,Johns Hopkins,2024,D1,Big Ten,"Kaufman, Nick Kaufman, Nick",,,,0,,0,0,0,.000,.000,,0,0,0,,,,0,0,,,,,team_site_player_cumulative,https://hopkinssports.com/sports/mens-lacrosse/stats/2024,2026-03-22T15:23:43+00:00
593960,Johns Hopkins,2024,D1,Big Ten,"Martin, Luke Martin, Luke",,,,0,,0,0,0,.000,.000,,3,0,0,,,,0,0,,,,,team_site_player_cumulative,https://hopkinssports.com/sports/mens-lacrosse/stats/2024,2026-03-22T15:23:43+00:00
593960,Johns Hopkins,2024,D1,Big Ten,"Phillips, Stuart Phillips, Stuart",,,,0,,0,0,0,.000,1.000,,0,1,0,,,,0,0,,,,,team_site_player_cumulative,https://hopkinssports.com/sports/mens-lacrosse/stats/2024,2026-03-22T15:23:43+00:00
593960,Johns Hopkins,2024,D1,Big Ten,"Stoebner, Jacob Stoebner, Jacob",,,,0,,0,0,0,.000,.000,,3,0,3,,,,0,0,,,,,team_site_player_cumulative,https://hopkinssports.com/sports/mens-lacrosse/stats/2024,2026-03-22T15:23:43+00:00
593960,Johns Hopkins,2024,D1,Big Ten,"Szuluk, Beaudan Szuluk, Beaudan",,,,0,,0,0,0,.000,.000,,33,4,23,,,,0,0,,,,,team_site_player_cumulative,https://hopkinssports.com/sports/mens-lacrosse/stats/2024,2026-03-22T15:23:43+00:00
593960,Johns Hopkins,2024,D1,Big Ten,"Todaro, Jojo Todaro, Jojo",,,,0,,0,0,0,.000,.000,,0,0,0,,,,0,0,,,,,team_site_player_cumulative,https://hopkinssports.com/sports/mens-lacrosse/stats/2024,2026-03-22T15:23:43+00:00
593960,Johns Hopkins,2024,D1,Big Ten,"Webb, Jack Webb, Jack",,,,0,,0,0,0,.000,.000,,0,0,0,,,,0,0,,,,,team_site_player_cumulative,https://hopkinssports.com/sports/mens-lacrosse/stats/2024,2026-03-22T15:23:43+00:00
593960,Johns Hopkins,2024,D1,Big Ten,Team Team,,,,0,,0,0,0,.000,.000,,0,41,0,,,,0,0,,,,,team_site_player_cumulative,https://hopkinssports.com/sports/mens-lacrosse/stats/2024,2026-03-22T15:23:43+00:00
593960,Johns Hopkins,2024,D1,Big Ten,Opponents,,,,154,,154,97,251,.246,.569,,467,250,103,,,,23,0,,,,,team_site_player_cumulative,https://hopkinssports.com/sports/mens-lacrosse/stats/2024,2026-03-22T15:23:43+00:00
593977,Maryland,2024,D1,Big Ten,"Erksa, Braden Erksa, Braden",,,,24,,24,17,41,.253,.642,,26,43,1,,,,2,0,,,,,team_site_player_cumulative,https://umterps.com/sports/mens-lacrosse/stats/2024,2026-03-22T15:23:46+00:00
593977,Maryland,2024,D1,Big Ten,"Spanos, Eric Spanos, Eric",,,,25,,25,14,39,.391,.672,,14,21,2,,,,1,0,,,,,team_site_player_cumulative,https://umterps.com/sports/mens-lacrosse/stats/2024,2026-03-22T15:23:46+00:00
593977,Maryland,2024,D1,Big Ten,"Malever, Eric Malever, Eric",,,,15,,15,22,37,.238,.635,,7,13,2,,,,2,0,,,,,team_site_player_cumulative,https://umterps.com/sports/mens-lacrosse/stats/2024,2026-03-22T15:23:46+00:00
593977,Maryland,2024,D1,Big Ten,"Maltz, Daniel Maltz, Daniel",,,,30,,30,4,34,.390,.649,,11,15,1,,,,3,0,,,,,team_site_player_cumulative,https://umterps.com/sports/mens-lacrosse/stats/2024,2026-03-22T15:23:46+00:00
593977,Maryland,2024,D1,Big Ten,"Koras, Jack Koras, Jack",,,,23,,23,11,34,.383,.617,,33,27,0,,,,2,0,,,,,team_site_player_cumulative,https://umterps.com/sports/mens-lacrosse/stats/2024,2026-03-22T15:23:46+00:00
593977,Maryland,2024,D1,Big Ten,"Siracusa, Ryan Siracusa, Ryan",,,,21,,21,10,31,.309,.618,,15,17,1,,,,0,0,,,,,team_site_player_cumulative,https://umterps.com/sports/mens-lacrosse/stats/2024,2026-03-22T15:23:46+00:00
593977,Maryland,2024,D1,Big Ten,"Kelly, Daniel Kelly, Daniel",,,,18,,18,7,25,.327,.618,,12,8,1,,,,3,0,,,,,team_site_player_cumulative,https://umterps.com/sports/mens-lacrosse/stats/2024,2026-03-22T15:23:46+00:00
593977,Maryland,2024,D1,Big Ten,"Murphy, Owen Murphy, Owen",,,,7,,7,5,12,.171,.439,,4,12,0,,,,0,0,,,,,team_site_player_cumulative,https://umterps.com/sports/mens-lacrosse/stats/2024,2026-03-22T15:23:46+00:00
593977,Maryland,2024,D1,Big Ten,"Wierman, Luke Wierman, Luke",,,,5,,5,5,10,.385,.538,,133,13,3,,,,0,0,,,,,team_site_player_cumulative,https://umterps.com/sports/mens-lacrosse/stats/2024,2026-03-22T15:23:46+00:00
593977,Maryland,2024,D1,Big Ten,"Whittier, Zach Whittier, Zach",,,,2,,2,6,8,.100,.500,,6,4,0,,,,0,0,,,,,team_site_player_cumulative,https://umterps.com/sports/mens-lacrosse/stats/2024,2026-03-22T15:23:46+00:00
593977,Maryland,2024,D1,Big Ten,"Brennan, Jack Brennan, Jack",,,,4,,4,3,7,.174,.696,,4,6,0,,,,1,0,,,,,team_site_player_cumulative,https://umterps.com/sports/mens-lacrosse/stats/2024,2026-03-22T15:23:46+00:00
593977,Maryland,2024,D1,Big Ten,"Stamos, George Stamos, George",,,,3,,3,1,4,1.000,1.000,,10,3,2,,,,0,0,,,,,team_site_player_cumulative,https://umterps.com/sports/mens-lacrosse/stats/2024,2026-03-22T15:23:46+00:00
593977,Maryland,2024,D1,Big Ten,"Burlace, Colin Burlace, Colin",,,,2,,2,1,3,1.000,1.000,,34,2,14,,,,0,0,,,,,team_site_player_cumulative,https://umterps.com/sports/mens-lacrosse/stats/2024,2026-03-22T15:23:46+00:00
593977,Maryland,2024,D1,Big Ten,"McDonald, Jack McDonald, Jack",,,,1,,1,2,3,.143,.429,,36,6,10,,,,0,0,,,,,team_site_player_cumulative,https://umterps.com/sports/mens-lacrosse/stats/2024,2026-03-22T15:23:46+00:00
593977,Maryland,2024,D1,Big Ten,"Sharkey, Colin Sharkey, Colin",,,,0,,0,3,3,.000,.500,,12,0,2,,,,0,0,,,,,team_site_player_cumulative,https://umterps.com/sports/mens-lacrosse/stats/2024,2026-03-22T15:23:46+00:00
593977,Maryland,2024,D1,Big Ten,"Zappitello, Ajax Zappitello, Ajax",,,,2,,2,0,2,.250,.375,,34,8,27,,,,0,0,,,,,team_site_player_cumulative,https://umterps.com/sports/mens-lacrosse/stats/2024,2026-03-22T15:23:46+00:00
593977,Maryland,2024,D1,Big Ten,"Larkin, AJ Larkin, AJ",,,,1,,1,1,2,.333,.333,,19,1,5,,,,0,0,,,,,team_site_player_cumulative,https://umterps.com/sports/mens-lacrosse/stats/2024,2026-03-22T15:23:46+00:00
593977,Maryland,2024,D1,Big Ten,"Alviti, Nick Alviti, Nick",,,,1,,1,0,1,.200,.400,,9,1,7,,,,0,0,,,,,team_site_player_cumulative,https://umterps.com/sports/mens-lacrosse/stats/2024,2026-03-22T15:23:46+00:00
593977,Maryland,2024,D1,Big Ten,"Dubick, Eliot Dubick, Eliot",,,,1,,1,0,1,1.000,1.000,,0,1,0,,,,0,0,,,,,team_site_player_cumulative,https://umterps.com/sports/mens-lacrosse/stats/2024,2026-03-22T15:23:46+00:00
593977,Maryland,2024,D1,Big Ten,"Redd, Nick Redd, Nick",,,,1,,1,0,1,1.000,1.000,,9,3,7,,,,0,0,,,,,team_site_player_cumulative,https://umterps.com/sports/mens-lacrosse/stats/2024,2026-03-22T15:23:46+00:00
593977,Maryland,2024,D1,Big Ten,"King, Griffin King, Griffin",,,,0,,0,1,1,.000,.667,,0,0,0,,,,0,0,,,,,team_site_player_cumulative,https://umterps.com/sports/mens-lacrosse/stats/2024,2026-03-22T15:23:46+00:00
593977,Maryland,2024,D1,Big Ten,"Kolar, Eric Kolar, Eric",,,,0,,0,1,1,.000,.333,,8,1,3,,,,0,0,,,,,team_site_player_cumulative,https://umterps.com/sports/mens-lacrosse/stats/2024,2026-03-22T15:23:46+00:00
593977,Maryland,2024,D1,Big Ten,"Stobaugh, Elijah Stobaugh, Elijah",,,,0,,0,1,1,.000,.200,,3,3,1,,,,0,0,,,,,team_site_player_cumulative,https://umterps.com/sports/mens-lacrosse/stats/2024,2026-03-22T15:23:46+00:00
593977,Maryland,2024,D1,Big Ten,"Tucker, Kevin Tucker, Kevin",,,,0,,0,1,1,.000,.000,,0,0,0,,,,0,0,,,,,team_site_player_cumulative,https://umterps.com/sports/mens-lacrosse/stats/2024,2026-03-22T15:23:46+00:00
593977,Maryland,2024,D1,Big Ten,"Canfield, Jackson Canfield, Jackson",,,,0,,0,0,0,.000,.000,,18,4,5,,,,0,0,,,,,team_site_player_cumulative,https://umterps.com/sports/mens-lacrosse/stats/2024,2026-03-22T15:23:46+00:00
593977,Maryland,2024,D1,Big Ten,"Coffman, Joshua Coffman, Joshua",,,,0,,0,0,0,.000,.000,,1,0,1,,,,0,0,,,,,team_site_player_cumulative,https://umterps.com/sports/mens-lacrosse/stats/2024,2026-03-22T15:23:46+00:00
593977,Maryland,2024,D1,Big Ten,"Creter, Sean Creter, Sean",,,,0,,0,0,0,.000,.000,,2,0,0,,,,0,0,,,,,team_site_player_cumulative,https://umterps.com/sports/mens-lacrosse/stats/2024,2026-03-22T15:23:46+00:00
593977,Maryland,2024,D1,Big Ten,"Davidson, Trace Davidson, Trace",,,,0,,0,0,0,.000,.000,,0,0,0,,,,0,0,,,,,team_site_player_cumulative,https://umterps.com/sports/mens-lacrosse/stats/2024,2026-03-22T15:23:46+00:00
593977,Maryland,2024,D1,Big Ten,"Goforth, Gabe Goforth, Gabe",,,,0,,0,0,0,.000,.000,,0,0,0,,,,0,0,,,,,team_site_player_cumulative,https://umterps.com/sports/mens-lacrosse/stats/2024,2026-03-22T15:23:46+00:00
593977,Maryland,2024,D1,Big Ten,"Holmes, Geordy Holmes, Geordy",,,,0,,0,0,0,.000,.000,,0,1,2,,,,0,0,,,,,team_site_player_cumulative,https://umterps.com/sports/mens-lacrosse/stats/2024,2026-03-22T15:23:46+00:00
593977,Maryland,2024,D1,Big Ten,"Keethler, Shea Keethler, Shea",,,,0,,0,0,0,.000,.000,,12,0,0,,,,0,0,,,,,team_site_player_cumulative,https://umterps.com/sports/mens-lacrosse/stats/2024,2026-03-22T15:23:46+00:00
593977,Maryland,2024,D1,Big Ten,"Koras, Charlie Koras, Charlie",,,,0,,0,0,0,.000,.000,,0,0,0,,,,0,0,,,,,team_site_player_cumulative,https://umterps.com/sports/mens-lacrosse/stats/2024,2026-03-22T15:23:46+00:00
593977,Maryland,2024,D1,Big Ten,"Lloyd, Mitchell Lloyd, Mitchell",,,,0,,0,0,0,.000,.000,,0,0,0,,,,0,0,,,,,team_site_player_cumulative,https://umterps.com/sports/mens-lacrosse/stats/2024,2026-03-22T15:23:46+00:00
593977,Maryland,2024,D1,Big Ten,"McNaney, Logan McNaney, Logan",,,,0,,0,0,0,.000,.500,,33,11,4,,,,0,0,,,,,team_site_player_cumulative,https://umterps.com/sports/mens-lacrosse/stats/2024,2026-03-22T15:23:46+00:00
593977,Maryland,2024,D1,Big Ten,"Nealon, Michael Nealon, Michael",,,,0,,0,0,0,.000,.000,,0,0,0,,,,0,0,,,,,team_site_player_cumulative,https://umterps.com/sports/mens-lacrosse/stats/2024,2026-03-22T15:23:46+00:00
593977,Maryland,2024,D1,Big Ten,"Onagi, Cayden Onagi, Cayden",,,,0,,0,0,0,.000,.000,,0,0,0,,,,0,0,,,,,team_site_player_cumulative,https://umterps.com/sports/mens-lacrosse/stats/2024,2026-03-22T15:23:46+00:00
593977,Maryland,2024,D1,Big Ten,"Reese, Riley Reese, Riley",,,,0,,0,0,0,.000,.000,,0,0,0,,,,0,0,,,,,team_site_player_cumulative,https://umterps.com/sports/mens-lacrosse/stats/2024,2026-03-22T15:23:46+00:00
593977,Maryland,2024,D1,Big Ten,"Schaller, Will Schaller, Will",,,,0,,0,0,0,.000,1.000,,17,5,10,,,,0,0,,,,,team_site_player_cumulative,https://umterps.com/sports/mens-lacrosse/stats/2024,2026-03-22T15:23:46+00:00
593977,Maryland,2024,D1,Big Ten,"Schmidt, Westin Schmidt, Westin",,,,0,,0,0,0,.000,.000,,0,0,0,,,,0,0,,,,,team_site_player_cumulative,https://umterps.com/sports/mens-lacrosse/stats/2024,2026-03-22T15:23:46+00:00
593977,Maryland,2024,D1,Big Ten,"Signorello, Marco Signorello, Marco",,,,0,,0,0,0,.000,.500,,1,2,0,,,,0,0,,,,,team_site_player_cumulative,https://umterps.com/sports/mens-lacrosse/stats/2024,2026-03-22T15:23:46+00:00
593977,Maryland,2024,D1,Big Ten,"Wicks, Alex Wicks, Alex",,,,0,,0,0,0,.000,.000,,3,1,0,,,,0,0,,,,,team_site_player_cumulative,https://umterps.com/sports/mens-lacrosse/stats/2024,2026-03-22T15:23:46+00:00
593977,Maryland,2024,D1,Big Ten,Team Team,,,,0,,0,0,0,.000,.000,,0,41,4,,,,0,0,,,,,team_site_player_cumulative,https://umterps.com/sports/mens-lacrosse/stats/2024,2026-03-22T15:23:46+00:00
593977,Maryland,2024,D1,Big Ten,Opponents,,,,177,,177,89,266,.297,.599,,445,239,137,,,,10,1,,,,,team_site_player_cumulative,https://umterps.com/sports/mens-lacrosse/stats/2024,2026-03-22T15:23:46+00:00
594060,Michigan,2024,D1,Big Ten,"Cohen, Ryan",,,,34,,34,37,71,.309,.609,,20,39,3,,,,4,0,,,,,team_site_player_cumulative,https://mgoblue.com/sports/mens-lacrosse/stats/2024,2026-03-22T15:23:47+00:00
594060,Michigan,2024,D1,Big Ten,"Boehm, Michael",,,,34,,34,31,65,.327,.635,,37,28,11,,,,5,0,,,,,team_site_player_cumulative,https://mgoblue.com/sports/mens-lacrosse/stats/2024,2026-03-22T15:23:47+00:00
594060,Michigan,2024,D1,Big Ten,"Tiernan, Justin",,,,57,,57,4,61,.373,.673,,22,13,5,,,,4,0,,,,,team_site_player_cumulative,https://mgoblue.com/sports/mens-lacrosse/stats/2024,2026-03-22T15:23:47+00:00
594060,Michigan,2024,D1,Big Ten,"Lockwood, Bo",,,,8,,8,29,37,.267,.600,,11,23,1,,,,0,0,,,,,team_site_player_cumulative,https://mgoblue.com/sports/mens-lacrosse/stats/2024,2026-03-22T15:23:47+00:00
594060,Michigan,2024,D1,Big Ten,"Ronda, Christian",,,,18,,18,6,24,.222,.494,,9,9,1,,,,2,0,,,,,team_site_player_cumulative,https://mgoblue.com/sports/mens-lacrosse/stats/2024,2026-03-22T15:23:47+00:00
594060,Michigan,2024,D1,Big Ten,"Mulholland, Aidan",,,,18,,18,3,21,.321,.518,,19,9,2,,,,1,0,,,,,team_site_player_cumulative,https://mgoblue.com/sports/mens-lacrosse/stats/2024,2026-03-22T15:23:47+00:00
594060,Michigan,2024,D1,Big Ten,"Aronson, Isaac",,,,17,,17,1,18,.274,.565,,12,11,0,,,,3,0,,,,,team_site_player_cumulative,https://mgoblue.com/sports/mens-lacrosse/stats/2024,2026-03-22T15:23:47+00:00
594060,Michigan,2024,D1,Big Ten,"Morgan, John",,,,8,,8,2,10,.400,.650,,1,6,0,,,,0,0,,,,,team_site_player_cumulative,https://mgoblue.com/sports/mens-lacrosse/stats/2024,2026-03-22T15:23:47+00:00
594060,Michigan,2024,D1,Big Ten,"Wietfeldt, Justin",,,,2,,2,7,9,.143,.500,,155,18,7,,,,0,0,,,,,team_site_player_cumulative,https://mgoblue.com/sports/mens-lacrosse/stats/2024,2026-03-22T15:23:47+00:00
594060,Michigan,2024,D1,Big Ten,"Roberts, Cathal",,,,4,,4,2,6,.800,.800,,32,5,28,,,,0,0,,,,,team_site_player_cumulative,https://mgoblue.com/sports/mens-lacrosse/stats/2024,2026-03-22T15:23:47+00:00
594060,Michigan,2024,D1,Big Ten,"Pederson, Beau",,,,4,,4,2,6,.200,.400,,24,10,15,,,,0,0,,,,,team_site_player_cumulative,https://mgoblue.com/sports/mens-lacrosse/stats/2024,2026-03-22T15:23:47+00:00
594060,Michigan,2024,D1,Big Ten,"Brown, Justin",,,,4,,4,1,5,.174,.478,,0,0,0,,,,0,0,,,,,team_site_player_cumulative,https://mgoblue.com/sports/mens-lacrosse/stats/2024,2026-03-22T15:23:47+00:00
594060,Michigan,2024,D1,Big Ten,"Stephenson, Kyle",,,,4,,4,1,5,.250,.625,,2,5,0,,,,0,0,,,,,team_site_player_cumulative,https://mgoblue.com/sports/mens-lacrosse/stats/2024,2026-03-22T15:23:47+00:00
594060,Michigan,2024,D1,Big Ten,"Hertzberg, Graham",,,,2,,2,1,3,.250,.625,,3,0,0,,,,0,0,,,,,team_site_player_cumulative,https://mgoblue.com/sports/mens-lacrosse/stats/2024,2026-03-22T15:23:47+00:00
594060,Michigan,2024,D1,Big Ten,"Whitney, Jack",,,,1,,1,1,2,1.000,1.000,,24,8,17,,,,0,0,,,,,team_site_player_cumulative,https://mgoblue.com/sports/mens-lacrosse/stats/2024,2026-03-22T15:23:47+00:00
594060,Michigan,2024,D1,Big Ten,"Billig, Carson",,,,0,,0,1,1,.000,.000,,7,3,9,,,,0,0,,,,,team_site_player_cumulative,https://mgoblue.com/sports/mens-lacrosse/stats/2024,2026-03-22T15:23:47+00:00
594060,Michigan,2024,D1,Big Ten,"Houlihan, Emmett",,,,0,,0,1,1,.000,.400,,3,0,0,,,,0,0,,,,,team_site_player_cumulative,https://mgoblue.com/sports/mens-lacrosse/stats/2024,2026-03-22T15:23:47+00:00
594060,Michigan,2024,D1,Big Ten,"Lobel, Alex",,,,1,,1,0,1,.500,1.000,,0,0,0,,,,0,0,,,,,team_site_player_cumulative,https://mgoblue.com/sports/mens-lacrosse/stats/2024,2026-03-22T15:23:47+00:00
594060,Michigan,2024,D1,Big Ten,"McCurry, Grant",,,,1,,1,0,1,.333,.667,,8,5,3,,,,0,0,,,,,team_site_player_cumulative,https://mgoblue.com/sports/mens-lacrosse/stats/2024,2026-03-22T15:23:47+00:00
594060,Michigan,2024,D1,Big Ten,"Lyngklip, Ryan",,,,1,,1,0,1,1.000,1.000,,6,0,2,,,,0,0,,,,,team_site_player_cumulative,https://mgoblue.com/sports/mens-lacrosse/stats/2024,2026-03-22T15:23:47+00:00
594060,Michigan,2024,D1,Big Ten,"Whitney, Mason",,,,1,,1,0,1,1.000,1.000,,17,0,7,,,,0,0,,,,,team_site_player_cumulative,https://mgoblue.com/sports/mens-lacrosse/stats/2024,2026-03-22T15:23:47+00:00
594060,Michigan,2024,D1,Big Ten,"Sneath, Wilson",,,,0,,0,0,0,.000,.000,,4,0,1,,,,0,0,,,,,team_site_player_cumulative,https://mgoblue.com/sports/mens-lacrosse/stats/2024,2026-03-22T15:23:47+00:00
594060,Michigan,2024,D1,Big Ten,"Clay, Rowan",,,,0,,0,0,0,.000,.000,,13,1,11,,,,0,0,,,,,team_site_player_cumulative,https://mgoblue.com/sports/mens-lacrosse/stats/2024,2026-03-22T15:23:47+00:00
594060,Michigan,2024,D1,Big Ten,"Frechette, Michael",,,,0,,0,0,0,.000,.000,,0,0,2,,,,0,0,,,,,team_site_player_cumulative,https://mgoblue.com/sports/mens-lacrosse/stats/2024,2026-03-22T15:23:47+00:00
594060,Michigan,2024,D1,Big Ten,"Marlow, Jack",,,,0,,0,0,0,.000,1.000,,0,0,0,,,,0,0,,,,,team_site_player_cumulative,https://mgoblue.com/sports/mens-lacrosse/stats/2024,2026-03-22T15:23:47+00:00
594060,Michigan,2024,D1,Big Ten,"Lauderback, Nick",,,,0,,0,0,0,.000,.000,,3,0,0,,,,0,0,,,,,team_site_player_cumulative,https://mgoblue.com/sports/mens-lacrosse/stats/2024,2026-03-22T15:23:47+00:00
594060,Michigan,2024,D1,Big Ten,"Schriber, Ryan",,,,0,,0,0,0,.000,.000,,0,0,0,,,,0,0,,,,,team_site_player_cumulative,https://mgoblue.com/sports/mens-lacrosse/stats/2024,2026-03-22T15:23:47+00:00
594060,Michigan,2024,D1,Big Ten,"Hull, Ben",,,,0,,0,0,0,.000,.000,,0,0,0,,,,0,0,,,,,team_site_player_cumulative,https://mgoblue.com/sports/mens-lacrosse/stats/2024,2026-03-22T15:23:47+00:00
594060,Michigan,2024,D1,Big Ten,"Stanzel, Andrew",,,,0,,0,0,0,.000,.000,,12,2,4,,,,0,0,,,,,team_site_player_cumulative,https://mgoblue.com/sports/mens-lacrosse/stats/2024,2026-03-22T15:23:47+00:00
594060,Michigan,2024,D1,Big Ten,"Roode, Nick",,,,0,,0,0,0,.000,.333,,2,1,1,,,,0,0,,,,,team_site_player_cumulative,https://mgoblue.com/sports/mens-lacrosse/stats/2024,2026-03-22T15:23:47+00:00
594060,Michigan,2024,D1,Big Ten,"van Wees, Kees",,,,0,,0,0,0,.000,.000,,17,5,11,,,,0,0,,,,,team_site_player_cumulative,https://mgoblue.com/sports/mens-lacrosse/stats/2024,2026-03-22T15:23:47+00:00
594060,Michigan,2024,D1,Big Ten,"Ennis, Justin",,,,0,,0,0,0,.000,.000,,10,2,3,,,,0,0,,,,,team_site_player_cumulative,https://mgoblue.com/sports/mens-lacrosse/stats/2024,2026-03-22T15:23:47+00:00
594060,Michigan,2024,D1,Big Ten,"Delgado, Lucas",,,,0,,0,0,0,.000,.000,,1,0,0,,,,0,0,,,,,team_site_player_cumulative,https://mgoblue.com/sports/mens-lacrosse/stats/2024,2026-03-22T15:23:47+00:00
594060,Michigan,2024,D1,Big Ten,"Pisani, Jimmy",,,,0,,0,0,0,.000,.000,,1,1,1,,,,0,0,,,,,team_site_player_cumulative,https://mgoblue.com/sports/mens-lacrosse/stats/2024,2026-03-22T15:23:47+00:00
594060,Michigan,2024,D1,Big Ten,"Weller, Jackie",,,,0,,0,0,0,.000,.000,,17,1,0,,,,0,0,,,,,team_site_player_cumulative,https://mgoblue.com/sports/mens-lacrosse/stats/2024,2026-03-22T15:23:47+00:00
594060,Michigan,2024,D1,Big Ten,"Gatto, Alex",,,,0,,0,0,0,.000,.250,,2,5,0,,,,0,0,,,,,team_site_player_cumulative,https://mgoblue.com/sports/mens-lacrosse/stats/2024,2026-03-22T15:23:47+00:00
594060,Michigan,2024,D1,Big Ten,"Rideout, Jack",,,,0,,0,0,0,.000,.000,,1,0,0,,,,0,0,,,,,team_site_player_cumulative,https://mgoblue.com/sports/mens-lacrosse/stats/2024,2026-03-22T15:23:47+00:00
594060,Michigan,2024,D1,Big Ten,"Han, Matt",,,,0,,0,0,0,.000,.000,,0,2,0,,,,0,0,,,,,team_site_player_cumulative,https://mgoblue.com/sports/mens-lacrosse/stats/2024,2026-03-22T15:23:47+00:00
594060,Michigan,2024,D1,Big Ten,"Quinn, Crandall",,,,0,,0,0,0,.000,.000,,0,0,0,,,,0,0,,,,,team_site_player_cumulative,https://mgoblue.com/sports/mens-lacrosse/stats/2024,2026-03-22T15:23:47+00:00
594060,Michigan,2024,D1,Big Ten,"Reilly, CJ",,,,0,,0,0,0,.000,.000,,0,0,0,,,,0,0,,,,,team_site_player_cumulative,https://mgoblue.com/sports/mens-lacrosse/stats/2024,2026-03-22T15:23:47+00:00
594060,Michigan,2024,D1,Big Ten,"Kessel, Trevor",,,,0,,0,0,0,.000,.000,,0,0,1,,,,0,0,,,,,team_site_player_cumulative,https://mgoblue.com/sports/mens-lacrosse/stats/2024,2026-03-22T15:23:47+00:00
594060,Michigan,2024,D1,Big Ten,"Goodloe, Cameron",,,,0,,0,0,0,.000,.000,,0,0,0,,,,0,0,,,,,team_site_player_cumulative,https://mgoblue.com/sports/mens-lacrosse/stats/2024,2026-03-22T15:23:47+00:00
594060,Michigan,2024,D1,Big Ten,"Gaine, Chris",,,,0,,0,0,0,.000,.000,,0,0,0,,,,0,0,,,,,team_site_player_cumulative,https://mgoblue.com/sports/mens-lacrosse/stats/2024,2026-03-22T15:23:47+00:00
594060,Michigan,2024,D1,Big Ten,"Plemmons, Brandon",,,,0,,0,0,0,.000,1.000,,0,0,0,,,,0,0,,,,,team_site_player_cumulative,https://mgoblue.com/sports/mens-lacrosse/stats/2024,2026-03-22T15:23:47+00:00
594060,Michigan,2024,D1,Big Ten,"Renner, Tommy",,,,0,,0,0,0,.000,.000,,0,0,0,,,,0,0,,,,,team_site_player_cumulative,https://mgoblue.com/sports/mens-lacrosse/stats/2024,2026-03-22T15:23:47+00:00
594060,Michigan,2024,D1,Big Ten,"Carr, Shane",,,,0,,0,0,0,.000,.000,,2,0,0,,,,0,0,,,,,team_site_player_cumulative,https://mgoblue.com/sports/mens-lacrosse/stats/2024,2026-03-22T15:23:47+00:00
594060,Michigan,2024,D1,Big Ten,"O'Connor, Will",,,,0,,0,0,0,.000,.000,,0,0,0,,,,0,0,,,,,team_site_player_cumulative,https://mgoblue.com/sports/mens-lacrosse/stats/2024,2026-03-22T15:23:47+00:00
594060,Michigan,2024,D1,Big Ten,"Kearns, Kevin",,,,0,,0,0,0,.000,.000,,1,0,0,,,,0,0,,,,,team_site_player_cumulative,https://mgoblue.com/sports/mens-lacrosse/stats/2024,2026-03-22T15:23:47+00:00
594060,Michigan,2024,D1,Big Ten,"Jenkins, Jack",,,,0,,0,0,0,.000,.000,,1,2,0,,,,0,0,,,,,team_site_player_cumulative,https://mgoblue.com/sports/mens-lacrosse/stats/2024,2026-03-22T15:23:47+00:00
594060,Michigan,2024,D1,Big Ten,"Ford, Josh",,,,0,,0,0,0,.000,.000,,0,0,0,,,,0,0,,,,,team_site_player_cumulative,https://mgoblue.com/sports/mens-lacrosse/stats/2024,2026-03-22T15:23:47+00:00
594060,Michigan,2024,D1,Big Ten,"Taylor, Hunter",,,,0,,0,0,0,.000,.000,,25,12,2,,,,0,0,,,,,team_site_player_cumulative,https://mgoblue.com/sports/mens-lacrosse/stats/2024,2026-03-22T15:23:47+00:00
594060,Michigan,2024,D1,Big Ten,"Serr, Hank",,,,0,,0,0,0,.000,.000,,0,0,0,,,,0,0,,,,,team_site_player_cumulative,https://mgoblue.com/sports/mens-lacrosse/stats/2024,2026-03-22T15:23:47+00:00
594060,Michigan,2024,D1,Big Ten,"Lowman, Thomas",,,,0,,0,0,0,.000,.000,,1,0,0,,,,0,0,,,,,team_site_player_cumulative,https://mgoblue.com/sports/mens-lacrosse/stats/2024,2026-03-22T15:23:47+00:00
594060,Michigan,2024,D1,Big Ten,"Bonner, Max",,,,0,,0,0,0,.000,.000,,1,0,1,,,,0,0,,,,,team_site_player_cumulative,https://mgoblue.com/sports/mens-lacrosse/stats/2024,2026-03-22T15:23:47+00:00
594060,Michigan,2024,D1,Big Ten,"Welcsh, Jack",,,,0,,0,0,0,.000,.000,,2,1,1,,,,0,0,,,,,team_site_player_cumulative,https://mgoblue.com/sports/mens-lacrosse/stats/2024,2026-03-22T15:23:47+00:00
594060,Michigan,2024,D1,Big Ten,Opponents,,,,191,,191,114,305,.300,.587,,455,266,128,,,,16,0,,,,,team_site_player_cumulative,https://mgoblue.com/sports/mens-lacrosse/stats/2024,2026-03-22T15:23:47+00:00
593994,Ohio St.,2024,D1,Big Ten,"McKenna, Jack",,,,21,,21,9,30,.296,.634,,15,23,2,,,,1,0,,,,,team_site_player_cumulative,https://ohiostatebuckeyes.com/sports/mens-lacrosse/stats/2024,2026-03-22T15:23:48+00:00
593994,Ohio St.,2024,D1,Big Ten,"Marinier, Alex",,,,28,,28,2,30,.295,.600,,12,10,3,,,,4,0,,,,,team_site_player_cumulative,https://ohiostatebuckeyes.com/sports/mens-lacrosse/stats/2024,2026-03-22T15:23:48+00:00
593994,Ohio St.,2024,D1,Big Ten,"Shean, Ed",,,,17,,17,11,28,.333,.608,,27,19,2,,,,2,0,,,,,team_site_player_cumulative,https://ohiostatebuckeyes.com/sports/mens-lacrosse/stats/2024,2026-03-22T15:23:48+00:00
593994,Ohio St.,2024,D1,Big Ten,"Matthews, Gannon",,,,19,,19,7,26,.221,.558,,13,24,1,,,,2,0,,,,,team_site_player_cumulative,https://ohiostatebuckeyes.com/sports/mens-lacrosse/stats/2024,2026-03-22T15:23:48+00:00
593994,Ohio St.,2024,D1,Big Ten,"Mayer, Ben",,,,18,,18,6,24,.295,.410,,13,11,0,,,,1,0,,,,,team_site_player_cumulative,https://ohiostatebuckeyes.com/sports/mens-lacrosse/stats/2024,2026-03-22T15:23:48+00:00
593994,Ohio St.,2024,D1,Big Ten,"Caputo, Matt",,,,10,,10,5,15,.270,.541,,22,12,1,,,,0,0,,,,,team_site_player_cumulative,https://ohiostatebuckeyes.com/sports/mens-lacrosse/stats/2024,2026-03-22T15:23:48+00:00
593994,Ohio St.,2024,D1,Big Ten,"Eiland, Blake",,,,12,,12,2,14,.333,.556,,9,9,4,,,,0,0,,,,,team_site_player_cumulative,https://ohiostatebuckeyes.com/sports/mens-lacrosse/stats/2024,2026-03-22T15:23:48+00:00
593994,Ohio St.,2024,D1,Big Ten,"Bruun, Kurt",,,,9,,9,4,13,.429,.619,,6,2,3,,,,3,0,,,,,team_site_player_cumulative,https://ohiostatebuckeyes.com/sports/mens-lacrosse/stats/2024,2026-03-22T15:23:48+00:00
593994,Ohio St.,2024,D1,Big Ten,"Allen, Ari",,,,5,,5,3,8,.217,.522,,4,7,0,,,,0,0,,,,,team_site_player_cumulative,https://ohiostatebuckeyes.com/sports/mens-lacrosse/stats/2024,2026-03-22T15:23:48+00:00
593994,Ohio St.,2024,D1,Big Ten,"Greenblatt, Thomas",,,,4,,4,3,7,.211,.526,,5,1,0,,,,0,0,,,,,team_site_player_cumulative,https://ohiostatebuckeyes.com/sports/mens-lacrosse/stats/2024,2026-03-22T15:23:48+00:00
593994,Ohio St.,2024,D1,Big Ten,"Magee, Dillon",,,,5,,5,1,6,.200,.440,,9,7,0,,,,0,0,,,,,team_site_player_cumulative,https://ohiostatebuckeyes.com/sports/mens-lacrosse/stats/2024,2026-03-22T15:23:48+00:00
593994,Ohio St.,2024,D1,Big Ten,"Lewis, Kyle",,,,2,,2,3,5,.333,.667,,7,6,0,,,,1,0,,,,,team_site_player_cumulative,https://ohiostatebuckeyes.com/sports/mens-lacrosse/stats/2024,2026-03-22T15:23:48+00:00
593994,Ohio St.,2024,D1,Big Ten,"Hudgins, Marcus",,,,1,,1,3,4,1.000,1.000,,48,2,22,,,,0,0,,,,,team_site_player_cumulative,https://ohiostatebuckeyes.com/sports/mens-lacrosse/stats/2024,2026-03-22T15:23:48+00:00
593994,Ohio St.,2024,D1,Big Ten,"Oldman, Jack",,,,1,,1,3,4,.500,.500,,54,6,1,,,,0,0,,,,,team_site_player_cumulative,https://ohiostatebuckeyes.com/sports/mens-lacrosse/stats/2024,2026-03-22T15:23:48+00:00
593994,Ohio St.,2024,D1,Big Ten,"Fisher, Eli",,,,0,,0,3,3,.000,.000,,7,3,6,,,,0,0,,,,,team_site_player_cumulative,https://ohiostatebuckeyes.com/sports/mens-lacrosse/stats/2024,2026-03-22T15:23:48+00:00
593994,Ohio St.,2024,D1,Big Ten,"Langermeier, Greg",,,,1,,1,2,3,.100,.400,,20,7,8,,,,0,0,,,,,team_site_player_cumulative,https://ohiostatebuckeyes.com/sports/mens-lacrosse/stats/2024,2026-03-22T15:23:48+00:00
593994,Ohio St.,2024,D1,Big Ten,"Sherrer, Justin",,,,2,,2,1,3,1.000,1.000,,8,2,11,,,,0,0,,,,,team_site_player_cumulative,https://ohiostatebuckeyes.com/sports/mens-lacrosse/stats/2024,2026-03-22T15:23:48+00:00
593994,Ohio St.,2024,D1,Big Ten,"DiCicco, Trent",,,,0,,0,2,2,.000,.000,,16,5,4,,,,0,0,,,,,team_site_player_cumulative,https://ohiostatebuckeyes.com/sports/mens-lacrosse/stats/2024,2026-03-22T15:23:48+00:00
593994,Ohio St.,2024,D1,Big Ten,"Sandberg, Mitchell",,,,0,,0,1,1,.000,.500,,0,0,0,,,,0,0,,,,,team_site_player_cumulative,https://ohiostatebuckeyes.com/sports/mens-lacrosse/stats/2024,2026-03-22T15:23:48+00:00
593994,Ohio St.,2024,D1,Big Ten,"Cmiel, Connor",,,,0,,0,1,1,.000,.455,,24,4,16,,,,0,0,,,,,team_site_player_cumulative,https://ohiostatebuckeyes.com/sports/mens-lacrosse/stats/2024,2026-03-22T15:23:48+00:00
593994,Ohio St.,2024,D1,Big Ten,"Burke, Tommy",,,,0,,0,1,1,.000,.000,,62,7,1,,,,0,0,,,,,team_site_player_cumulative,https://ohiostatebuckeyes.com/sports/mens-lacrosse/stats/2024,2026-03-22T15:23:48+00:00
593994,Ohio St.,2024,D1,Big Ten,"Jones, Tate",,,,0,,0,1,1,.000,.200,,2,3,0,,,,0,0,,,,,team_site_player_cumulative,https://ohiostatebuckeyes.com/sports/mens-lacrosse/stats/2024,2026-03-22T15:23:48+00:00
593994,Ohio St.,2024,D1,Big Ten,"Brown, Cullen",,,,0,,0,1,1,.000,.000,,51,9,17,,,,0,0,,,,,team_site_player_cumulative,https://ohiostatebuckeyes.com/sports/mens-lacrosse/stats/2024,2026-03-22T15:23:48+00:00
593994,Ohio St.,2024,D1,Big Ten,"Gladstone, Brett",,,,1,,1,0,1,.091,.545,,2,3,0,,,,0,0,,,,,team_site_player_cumulative,https://ohiostatebuckeyes.com/sports/mens-lacrosse/stats/2024,2026-03-22T15:23:48+00:00
593994,Ohio St.,2024,D1,Big Ten,"Burns, Sam",,,,1,,1,0,1,.333,.333,,1,2,0,,,,0,0,,,,,team_site_player_cumulative,https://ohiostatebuckeyes.com/sports/mens-lacrosse/stats/2024,2026-03-22T15:23:48+00:00
593994,Ohio St.,2024,D1,Big Ten,"Haas, Garrett",,,,1,,1,0,1,.200,.600,,3,4,1,,,,0,0,,,,,team_site_player_cumulative,https://ohiostatebuckeyes.com/sports/mens-lacrosse/stats/2024,2026-03-22T15:23:48+00:00
593994,Ohio St.,2024,D1,Big Ten,"Fyock, Caleb",,,,0,,0,0,0,.000,.250,,24,8,3,,,,0,0,,,,,team_site_player_cumulative,https://ohiostatebuckeyes.com/sports/mens-lacrosse/stats/2024,2026-03-22T15:23:48+00:00
593994,Ohio St.,2024,D1,Big Ten,"Blake, Henry",,,,0,,0,0,0,.000,.000,,2,0,0,,,,0,0,,,,,team_site_player_cumulative,https://ohiostatebuckeyes.com/sports/mens-lacrosse/stats/2024,2026-03-22T15:23:48+00:00
593994,Ohio St.,2024,D1,Big Ten,"Antoniou, Zack",,,,0,,0,0,0,.000,.000,,1,0,1,,,,0,0,,,,,team_site_player_cumulative,https://ohiostatebuckeyes.com/sports/mens-lacrosse/stats/2024,2026-03-22T15:23:48+00:00
593994,Ohio St.,2024,D1,Big Ten,"Antoniou, Zack",,,,0,,0,0,0,.000,.000,,0,0,0,,,,0,0,,,,,team_site_player_cumulative,https://ohiostatebuckeyes.com/sports/mens-lacrosse/stats/2024,2026-03-22T15:23:48+00:00
593994,Ohio St.,2024,D1,Big Ten,"Zavitz, Keaton",,,,0,,0,0,0,.000,.000,,0,0,0,,,,0,0,,,,,team_site_player_cumulative,https://ohiostatebuckeyes.com/sports/mens-lacrosse/stats/2024,2026-03-22T15:23:48+00:00
593994,Ohio St.,2024,D1,Big Ten,"Walsh, Jackson",,,,0,,0,0,0,.000,.000,,0,0,0,,,,0,0,,,,,team_site_player_cumulative,https://ohiostatebuckeyes.com/sports/mens-lacrosse/stats/2024,2026-03-22T15:23:48+00:00
593994,Ohio St.,2024,D1,Big Ten,"Cool, Jonny",,,,0,,0,0,0,.000,.000,,13,0,10,,,,0,0,,,,,team_site_player_cumulative,https://ohiostatebuckeyes.com/sports/mens-lacrosse/stats/2024,2026-03-22T15:23:48+00:00
593994,Ohio St.,2024,D1,Big Ten,"Christopher, Cayden",,,,0,,0,0,0,.000,.000,,0,0,0,,,,0,0,,,,,team_site_player_cumulative,https://ohiostatebuckeyes.com/sports/mens-lacrosse/stats/2024,2026-03-22T15:23:48+00:00
593994,Ohio St.,2024,D1,Big Ten,"Dixon, Alex",,,,0,,0,0,0,.000,.000,,0,0,0,,,,0,0,,,,,team_site_player_cumulative,https://ohiostatebuckeyes.com/sports/mens-lacrosse/stats/2024,2026-03-22T15:23:48+00:00
593994,Ohio St.,2024,D1,Big Ten,"Kraske, Coleman",,,,0,,0,0,0,.000,.000,,5,1,0,,,,0,0,,,,,team_site_player_cumulative,https://ohiostatebuckeyes.com/sports/mens-lacrosse/stats/2024,2026-03-22T15:23:48+00:00
593994,Ohio St.,2024,D1,Big Ten,"Mcdonald, Ellis",,,,0,,0,0,0,.000,.000,,1,1,0,,,,0,0,,,,,team_site_player_cumulative,https://ohiostatebuckeyes.com/sports/mens-lacrosse/stats/2024,2026-03-22T15:23:48+00:00
593994,Ohio St.,2024,D1,Big Ten,"Mercer, Matt",,,,0,,0,0,0,.000,.000,,0,0,0,,,,0,0,,,,,team_site_player_cumulative,https://ohiostatebuckeyes.com/sports/mens-lacrosse/stats/2024,2026-03-22T15:23:48+00:00
593994,Ohio St.,2024,D1,Big Ten,"Allen, Jack",,,,0,,0,0,0,.000,.000,,0,0,0,,,,0,0,,,,,team_site_player_cumulative,https://ohiostatebuckeyes.com/sports/mens-lacrosse/stats/2024,2026-03-22T15:23:48+00:00
593994,Ohio St.,2024,D1,Big Ten,"Foster, Kyle",,,,0,,0,0,0,.000,.000,,2,0,5,,,,0,0,,,,,team_site_player_cumulative,https://ohiostatebuckeyes.com/sports/mens-lacrosse/stats/2024,2026-03-22T15:23:48+00:00
593994,Ohio St.,2024,D1,Big Ten,"Van Buren, Bobby",,,,0,,0,0,0,.000,.000,,3,1,0,,,,0,0,,,,,team_site_player_cumulative,https://ohiostatebuckeyes.com/sports/mens-lacrosse/stats/2024,2026-03-22T15:23:48+00:00
593994,Ohio St.,2024,D1,Big Ten,"Mendoza, Noah",,,,0,,0,0,0,.000,.000,,0,0,0,,,,0,0,,,,,team_site_player_cumulative,https://ohiostatebuckeyes.com/sports/mens-lacrosse/stats/2024,2026-03-22T15:23:48+00:00
593994,Ohio St.,2024,D1,Big Ten,"Liedel, Griffin",,,,0,,0,0,0,.000,.000,,0,0,0,,,,0,0,,,,,team_site_player_cumulative,https://ohiostatebuckeyes.com/sports/mens-lacrosse/stats/2024,2026-03-22T15:23:48+00:00
593994,Ohio St.,2024,D1,Big Ten,"Brady, Danny",,,,0,,0,0,0,.000,.000,,2,4,1,,,,0,0,,,,,team_site_player_cumulative,https://ohiostatebuckeyes.com/sports/mens-lacrosse/stats/2024,2026-03-22T15:23:48+00:00
593994,Ohio St.,2024,D1,Big Ten,"Snyder, Jacob",,,,0,,0,0,0,.000,.000,,16,1,15,,,,0,0,,,,,team_site_player_cumulative,https://ohiostatebuckeyes.com/sports/mens-lacrosse/stats/2024,2026-03-22T15:23:48+00:00
593994,Ohio St.,2024,D1,Big Ten,Opponents,,,,152,,152,70,222,.287,.594,,433,235,118,,,,13,0,,,,,team_site_player_cumulative,https://ohiostatebuckeyes.com/sports/mens-lacrosse/stats/2024,2026-03-22T15:23:48+00:00
594009,Rutgers,2024,D1,Big Ten,"Scott, Ross",,,,20,,20,25,45,.250,.538,,13,19,0,,,,0,0,,,,,team_site_player_cumulative,https://scarletknights.com/sports/mens-lacrosse/stats/2024,2026-03-22T15:23:54+00:00
594009,Rutgers,2024,D1,Big Ten,"Knobloch, Shane",,,,29,,29,11,40,.248,.564,,16,20,4,,,,4,0,,,,,team_site_player_cumulative,https://scarletknights.com/sports/mens-lacrosse/stats/2024,2026-03-22T15:23:54+00:00
594009,Rutgers,2024,D1,Big Ten,"Kurdyla, Colin",,,,20,,20,10,30,.260,.597,,12,15,0,,,,2,1,,,,,team_site_player_cumulative,https://scarletknights.com/sports/mens-lacrosse/stats/2024,2026-03-22T15:23:54+00:00
594009,Rutgers,2024,D1,Big Ten,"Kulas, Dante",,,,16,,16,9,25,.348,.696,,14,7,1,,,,1,0,,,,,team_site_player_cumulative,https://scarletknights.com/sports/mens-lacrosse/stats/2024,2026-03-22T15:23:54+00:00
594009,Rutgers,2024,D1,Big Ten,"Aimone, Jack",,,,20,,20,0,20,.244,.573,,7,10,3,,,,1,0,,,,,team_site_player_cumulative,https://scarletknights.com/sports/mens-lacrosse/stats/2024,2026-03-22T15:23:54+00:00
594009,Rutgers,2024,D1,Big Ten,"Sidorski, John",,,,8,,8,4,12,.615,.692,,3,7,0,,,,0,0,,,,,team_site_player_cumulative,https://scarletknights.com/sports/mens-lacrosse/stats/2024,2026-03-22T15:23:54+00:00
594009,Rutgers,2024,D1,Big Ten,"Krummenacher, Tanyr",,,,9,,9,3,12,.346,.731,,12,5,1,,,,1,0,,,,,team_site_player_cumulative,https://scarletknights.com/sports/mens-lacrosse/stats/2024,2026-03-22T15:23:54+00:00
594009,Rutgers,2024,D1,Big Ten,"Teresky, Nick",,,,4,,4,2,6,.222,.444,,3,5,0,,,,0,0,,,,,team_site_player_cumulative,https://scarletknights.com/sports/mens-lacrosse/stats/2024,2026-03-22T15:23:54+00:00
594009,Rutgers,2024,D1,Big Ten,"Hund, Brandon",,,,1,,1,3,4,.167,.667,,20,4,2,,,,0,0,,,,,team_site_player_cumulative,https://scarletknights.com/sports/mens-lacrosse/stats/2024,2026-03-22T15:23:54+00:00
594009,Rutgers,2024,D1,Big Ten,"Peters, Logan",,,,3,,3,1,4,.200,.467,,4,9,0,,,,0,0,,,,,team_site_player_cumulative,https://scarletknights.com/sports/mens-lacrosse/stats/2024,2026-03-22T15:23:54+00:00
594009,Rutgers,2024,D1,Big Ten,"Ringer, James",,,,4,,4,0,4,.250,.750,,4,4,0,,,,0,0,,,,,team_site_player_cumulative,https://scarletknights.com/sports/mens-lacrosse/stats/2024,2026-03-22T15:23:54+00:00
594009,Rutgers,2024,D1,Big Ten,"Splaine, Ryan",,,,3,,3,0,3,.600,.800,,40,5,16,,,,0,0,,,,,team_site_player_cumulative,https://scarletknights.com/sports/mens-lacrosse/stats/2024,2026-03-22T15:23:54+00:00
594009,Rutgers,2024,D1,Big Ten,"Richman II, Duke",,,,0,,0,2,2,.000,1.000,,2,0,0,,,,0,0,,,,,team_site_player_cumulative,https://scarletknights.com/sports/mens-lacrosse/stats/2024,2026-03-22T15:23:54+00:00
594009,Rutgers,2024,D1,Big Ten,"Brams, Cole",,,,2,,2,0,2,.250,.750,,64,6,1,,,,0,0,,,,,team_site_player_cumulative,https://scarletknights.com/sports/mens-lacrosse/stats/2024,2026-03-22T15:23:54+00:00
594009,Rutgers,2024,D1,Big Ten,"McDonough, Connor",,,,2,,2,0,2,.667,1.000,,0,0,0,,,,1,0,,,,,team_site_player_cumulative,https://scarletknights.com/sports/mens-lacrosse/stats/2024,2026-03-22T15:23:54+00:00
594009,Rutgers,2024,D1,Big Ten,"Winship, Austin",,,,0,,0,1,1,.000,.000,,0,1,0,,,,0,0,,,,,team_site_player_cumulative,https://scarletknights.com/sports/mens-lacrosse/stats/2024,2026-03-22T15:23:54+00:00
594009,Rutgers,2024,D1,Big Ten,"Edwards, Mason",,,,0,,0,1,1,.000,1.000,,8,2,3,,,,0,0,,,,,team_site_player_cumulative,https://scarletknights.com/sports/mens-lacrosse/stats/2024,2026-03-22T15:23:54+00:00
594009,Rutgers,2024,D1,Big Ten,"Rizzotti, Peter",,,,0,,0,1,1,.000,.000,,4,0,2,,,,0,0,,,,,team_site_player_cumulative,https://scarletknights.com/sports/mens-lacrosse/stats/2024,2026-03-22T15:23:54+00:00
594009,Rutgers,2024,D1,Big Ten,"Kelly, Colin",,,,1,,1,0,1,.091,.636,,0,1,0,,,,1,0,,,,,team_site_player_cumulative,https://scarletknights.com/sports/mens-lacrosse/stats/2024,2026-03-22T15:23:54+00:00
594009,Rutgers,2024,D1,Big Ten,"Carroll, David",,,,1,,1,0,1,.500,.500,,2,1,0,,,,0,0,,,,,team_site_player_cumulative,https://scarletknights.com/sports/mens-lacrosse/stats/2024,2026-03-22T15:23:54+00:00
594009,Rutgers,2024,D1,Big Ten,"Walsh, Zach",,,,1,,1,0,1,.500,.500,,0,0,0,,,,0,0,,,,,team_site_player_cumulative,https://scarletknights.com/sports/mens-lacrosse/stats/2024,2026-03-22T15:23:54+00:00
594009,Rutgers,2024,D1,Big Ten,"Sommer, Tim",,,,1,,1,0,1,.091,.455,,0,2,0,,,,0,0,,,,,team_site_player_cumulative,https://scarletknights.com/sports/mens-lacrosse/stats/2024,2026-03-22T15:23:54+00:00
594009,Rutgers,2024,D1,Big Ten,"Germain, Tanner",,,,1,,1,0,1,.083,.500,,3,2,0,,,,0,0,,,,,team_site_player_cumulative,https://scarletknights.com/sports/mens-lacrosse/stats/2024,2026-03-22T15:23:54+00:00
594009,Rutgers,2024,D1,Big Ten,"Soutar, Matt",,,,0,,0,0,0,.000,.000,,26,3,0,,,,0,0,,,,,team_site_player_cumulative,https://scarletknights.com/sports/mens-lacrosse/stats/2024,2026-03-22T15:23:54+00:00
594009,Rutgers,2024,D1,Big Ten,"Miller, Jon",,,,0,,0,0,0,.000,.000,,0,0,1,,,,0,0,,,,,team_site_player_cumulative,https://scarletknights.com/sports/mens-lacrosse/stats/2024,2026-03-22T15:23:54+00:00
594009,Rutgers,2024,D1,Big Ten,"Crosby, Jack",,,,0,,0,0,0,.000,.000,,1,0,0,,,,0,0,,,,,team_site_player_cumulative,https://scarletknights.com/sports/mens-lacrosse/stats/2024,2026-03-22T15:23:54+00:00
594009,Rutgers,2024,D1,Big Ten,"Groff, Dylan",,,,0,,0,0,0,.000,.000,,0,0,0,,,,0,0,,,,,team_site_player_cumulative,https://scarletknights.com/sports/mens-lacrosse/stats/2024,2026-03-22T15:23:54+00:00
594009,Rutgers,2024,D1,Big Ten,"Wimmershoff, Marco",,,,0,,0,0,0,.000,.000,,0,0,0,,,,0,0,,,,,team_site_player_cumulative,https://scarletknights.com/sports/mens-lacrosse/stats/2024,2026-03-22T15:23:54+00:00
594009,Rutgers,2024,D1,Big Ten,"McKelvy, Ben",,,,0,,0,0,0,.000,.000,,11,4,9,,,,0,0,,,,,team_site_player_cumulative,https://scarletknights.com/sports/mens-lacrosse/stats/2024,2026-03-22T15:23:54+00:00
594009,Rutgers,2024,D1,Big Ten,"Macheca, Andrew",,,,0,,0,0,0,.000,.000,,16,4,2,,,,0,0,,,,,team_site_player_cumulative,https://scarletknights.com/sports/mens-lacrosse/stats/2024,2026-03-22T15:23:54+00:00
594009,Rutgers,2024,D1,Big Ten,"Scalamandre, Dean",,,,0,,0,0,0,.000,.000,,2,0,0,,,,0,0,,,,,team_site_player_cumulative,https://scarletknights.com/sports/mens-lacrosse/stats/2024,2026-03-22T15:23:54+00:00
594009,Rutgers,2024,D1,Big Ten,"Mendyke, Tommy",,,,0,,0,0,0,.000,.000,,20,1,12,,,,0,0,,,,,team_site_player_cumulative,https://scarletknights.com/sports/mens-lacrosse/stats/2024,2026-03-22T15:23:54+00:00
594009,Rutgers,2024,D1,Big Ten,"Crosby, Andrew",,,,0,,0,0,0,.000,.000,,0,0,0,,,,0,0,,,,,team_site_player_cumulative,https://scarletknights.com/sports/mens-lacrosse/stats/2024,2026-03-22T15:23:54+00:00
594009,Rutgers,2024,D1,Big Ten,"Desmarais, Brock",,,,0,,0,0,0,.000,.000,,4,0,0,,,,0,0,,,,,team_site_player_cumulative,https://scarletknights.com/sports/mens-lacrosse/stats/2024,2026-03-22T15:23:54+00:00
594009,Rutgers,2024,D1,Big Ten,"Udovich, Conor",,,,0,,0,0,0,.000,.000,,13,1,5,,,,0,0,,,,,team_site_player_cumulative,https://scarletknights.com/sports/mens-lacrosse/stats/2024,2026-03-22T15:23:54+00:00
594009,Rutgers,2024,D1,Big Ten,"Rickens, Mason",,,,0,,0,0,0,.000,.000,,2,1,2,,,,0,0,,,,,team_site_player_cumulative,https://scarletknights.com/sports/mens-lacrosse/stats/2024,2026-03-22T15:23:54+00:00
594009,Rutgers,2024,D1,Big Ten,"Hubbard, Harris",,,,0,,0,0,0,.000,.000,,6,0,6,,,,0,0,,,,,team_site_player_cumulative,https://scarletknights.com/sports/mens-lacrosse/stats/2024,2026-03-22T15:23:54+00:00
594009,Rutgers,2024,D1,Big Ten,"Howard, Donnie",,,,0,,0,0,0,.000,.500,,8,2,5,,,,0,0,,,,,team_site_player_cumulative,https://scarletknights.com/sports/mens-lacrosse/stats/2024,2026-03-22T15:23:54+00:00
594009,Rutgers,2024,D1,Big Ten,"Gray, Liam",,,,0,,0,0,0,.000,.000,,0,0,0,,,,0,0,,,,,team_site_player_cumulative,https://scarletknights.com/sports/mens-lacrosse/stats/2024,2026-03-22T15:23:54+00:00
594009,Rutgers,2024,D1,Big Ten,"Eischens, Charles",,,,0,,0,0,0,.000,.000,,1,1,0,,,,0,0,,,,,team_site_player_cumulative,https://scarletknights.com/sports/mens-lacrosse/stats/2024,2026-03-22T15:23:54+00:00
594009,Rutgers,2024,D1,Big Ten,"Zeller, Colin",,,,0,,0,0,0,.000,.000,,6,2,3,,,,0,0,,,,,team_site_player_cumulative,https://scarletknights.com/sports/mens-lacrosse/stats/2024,2026-03-22T15:23:54+00:00
594009,Rutgers,2024,D1,Big Ten,"Conley, Zak",,,,0,,0,0,0,.000,.000,,7,0,2,,,,0,0,,,,,team_site_player_cumulative,https://scarletknights.com/sports/mens-lacrosse/stats/2024,2026-03-22T15:23:54+00:00
594009,Rutgers,2024,D1,Big Ten,"Gourdeau, Clinton",,,,0,,0,0,0,.000,.000,,1,0,0,,,,0,0,,,,,team_site_player_cumulative,https://scarletknights.com/sports/mens-lacrosse/stats/2024,2026-03-22T15:23:54+00:00
594009,Rutgers,2024,D1,Big Ten,"Jones Jr., LaJhon",,,,0,,0,0,0,.000,.000,,11,1,4,,,,0,0,,,,,team_site_player_cumulative,https://scarletknights.com/sports/mens-lacrosse/stats/2024,2026-03-22T15:23:54+00:00
594009,Rutgers,2024,D1,Big Ten,"Fagan, Seamus",,,,0,,0,0,0,.000,.000,,2,1,0,,,,0,0,,,,,team_site_player_cumulative,https://scarletknights.com/sports/mens-lacrosse/stats/2024,2026-03-22T15:23:54+00:00
594009,Rutgers,2024,D1,Big Ten,"Stoller, Cardin",,,,0,,0,0,0,.000,.000,,22,8,3,,,,0,0,,,,,team_site_player_cumulative,https://scarletknights.com/sports/mens-lacrosse/stats/2024,2026-03-22T15:23:54+00:00
594009,Rutgers,2024,D1,Big Ten,Opponents,,,,155,,155,85,240,.287,.624,,393,193,94,,,,10,0,,,,,team_site_player_cumulative,https://scarletknights.com/sports/mens-lacrosse/stats/2024,2026-03-22T15:23:54+00:00
