academic_year,division,team_org_id,opp_org_id,team_name,opp_name,game_date,location,team_score,opp_score,result,goal_margin
2023,2,547011,,Adams St.,Mo. Baptist,2023-03-20,A,19,2,W,17
2023,2,547011,547013.0,Adams St.,Quincy,2023-03-22,A,6,13,L,-7
2023,2,547011,,Adams St.,"Benedictine (KS) @Quincy, IL",2023-03-23,H,10,11,L,-1
2023,2,547011,546974.0,Adams St.,CSU Pueblo,2023-04-01,A,6,11,L,-5
2023,2,547011,546993.0,Adams St.,Westminster (UT),2023-04-08,H,3,21,L,-18
2023,2,547011,546980.0,Adams St.,Colorado Mesa,2023-04-14,H,3,22,L,-19
2023,2,547011,546974.0,Adams St.,CSU Pueblo,2023-04-22,H,9,8,W,1
2023,2,547011,546993.0,Adams St.,Westminster (UT),2023-04-28,A,4,20,L,-16
2023,2,547011,546980.0,Adams St.,Colorado Mesa,2023-04-30,A,4,27,L,-23
2023,2,547011,546980.0,Adams St.,#1 Colorado Mesa 2023 RMAC MLA Tournament,2023-05-04,A,3,23,L,-20
2023,2,547003,546995.0,Adelphi,Palm Beach Atl.,2023-02-17,A,21,10,W,11
2023,2,547003,546984.0,Adelphi,Lynn,2023-02-20,A,15,6,W,9
2023,2,547003,546978.0,Adelphi,Georgian Court,2023-03-01,A,24,4,W,20
2023,2,547003,547005.0,Adelphi,American Int'l,2023-03-04,H,10,3,W,7
2023,2,547003,546958.0,Adelphi,Caldwell,2023-03-08,H,19,1,W,18
2023,2,547003,546952.0,Adelphi,Southern N.H.,2023-03-18,H,17,7,W,10
2023,2,547003,547007.0,Adelphi,St. Anselm,2023-03-25,A,11,4,W,7
2023,2,547003,546970.0,Adelphi,Saint Rose,2023-03-28,A,20,16,W,4
2023,2,547003,547006.0,Adelphi,Assumption,2023-04-01,H,16,5,W,11
2023,2,547003,546954.0,Adelphi,Pace,2023-04-05,H,18,7,W,11
2023,2,547003,547009.0,Adelphi,Saint Michael's,2023-04-08,A,12,7,W,5
2023,2,547003,546951.0,Adelphi,Molloy,2023-04-12,H,11,7,W,4
2023,2,547003,546945.0,Adelphi,Franklin Pierce,2023-04-15,A,14,8,W,6
2023,2,547003,546949.0,Adelphi,Mercy,2023-04-19,A,14,12,W,2
2023,2,547003,546940.0,Adelphi,Bentley,2023-04-22,H,11,13,L,-2
2023,2,547003,546947.0,Adelphi,Le Moyne,2023-04-25,H,9,10,L,-1
2023,2,547003,546952.0,Adelphi,#6 Southern N.H. 2023 NE10 MLA Championship,2023-04-29,H,21,4,W,17
2023,2,547003,546940.0,Adelphi,#2 Bentley 2023 NE10 MLA Championship,2023-05-03,A,4,7,L,-3
2023,2,547003,546940.0,Adelphi,#4 Bentley 2023 NCAA DII MLA Championship,2023-05-10,A,9,8,W,1
2023,2,547003,546947.0,Adelphi,#1 Le Moyne 2023 NCAA DII MLA Championship,2023-05-14,A,7,11,L,-4
2023,2,547004,546944.0,Alabama Huntsville,Fla. Southern,2023-02-03,H,4,14,L,-10
2023,2,547004,546992.0,Alabama Huntsville,Emmanuel (GA),2023-02-11,H,22,4,W,18
2023,2,547004,547008.0,Alabama Huntsville,Saint Leo,2023-02-17,H,15,12,W,3
2023,2,547004,546996.0,Alabama Huntsville,Embry-Riddle (FL),2023-02-19,H,10,18,L,-8
2023,2,547004,546960.0,Alabama Huntsville,Davenport,2023-02-26,H,9,6,W,3
2023,2,547004,546982.0,Alabama Huntsville,Tusculum,2023-03-03,A,15,7,W,8
2023,2,547004,546966.0,Alabama Huntsville,Mars Hill,2023-03-05,A,14,13,W,1
2023,2,547004,546948.0,Alabama Huntsville,Maryville (MO),2023-03-12,H,14,13,W,1
2023,2,547004,546969.0,Alabama Huntsville,Rockhurst,2023-03-14,H,6,13,L,-7
2023,2,547004,546959.0,Alabama Huntsville,Lewis,2023-03-18,A,8,6,W,2
2023,2,547004,547001.0,Alabama Huntsville,Lander,2023-03-25,A,9,17,L,-8
2023,2,547004,546990.0,Alabama Huntsville,Shorter,2023-04-01,A,23,9,W,14
2023,2,547004,546994.0,Alabama Huntsville,Montevallo,2023-04-08,H,11,12,L,-1
2023,2,547004,546991.0,Alabama Huntsville,Young Harris,2023-04-15,A,17,11,W,6
2023,2,547004,547015.0,Alabama Huntsville,Flagler,2023-04-22,H,12,13,L,-1
2023,2,547004,546991.0,Alabama Huntsville,"#5 Young Harris @Greenwood, SC (2023 PBC MLA Tournament)",2023-04-28,H,18,5,W,13
2023,2,547004,547001.0,Alabama Huntsville,#1 Lander 2023 PBC MLA Tournament,2023-04-30,A,11,12,L,-1
2023,2,547012,546986.0,Alderson Broaddus,Seton Hill,2023-02-10,H,4,25,L,-21
2023,2,547012,546999.0,Alderson Broaddus,"Felician @Sparks, MD",2023-02-19,H,1,20,L,-19
2023,2,547012,546968.0,Alderson Broaddus,"Post @Sparks Glencoe, MD",2023-02-25,H,7,24,L,-17
2023,2,547012,546976.0,Alderson Broaddus,Chowan,2023-03-08,H,5,20,L,-15
2023,2,547012,546990.0,Alderson Broaddus,Shorter,2023-03-11,A,5,16,L,-11
2023,2,547012,546979.0,Alderson Broaddus,North Greenville,2023-03-13,H,1,24,L,-23
2023,2,547012,553533.0,Alderson Broaddus,Thomas More,2023-03-18,H,6,7,L,-1
2023,2,547012,546950.0,Alderson Broaddus,Mercyhurst,2023-03-27,A,1,28,L,-27
2023,2,547012,546941.0,Alderson Broaddus,Davis & Elkins,2023-04-03,A,6,22,L,-16
2023,2,547012,546975.0,Alderson Broaddus,Lake Erie,2023-04-08,H,3,17,L,-14
2023,2,547012,550213.0,Alderson Broaddus,Malone,2023-04-15,H,13,19,L,-6
2023,2,547012,546957.0,Alderson Broaddus,Wheeling,2023-04-22,H,2,20,L,-18
2023,2,547012,547000.0,Alderson Broaddus,Frostburg St.,2023-04-25,A,0,32,L,-32
2023,2,547012,546988.0,Alderson Broaddus,Walsh,2023-04-29,A,3,18,L,-15
2023,2,547005,546971.0,American Int'l,St. Thomas Aquinas,2023-02-18,A,17,8,W,9
2023,2,547005,551553.0,American Int'l,Bridgeport,2023-02-22,H,8,9,L,-1
2023,2,547005,546958.0,American Int'l,Caldwell,2023-02-26,H,12,10,W,2
2023,2,547005,547003.0,American Int'l,Adelphi,2023-03-04,A,3,10,L,-7
2023,2,547005,546977.0,American Int'l,Dominican (NY),2023-03-08,A,4,8,L,-4
2023,2,547005,546968.0,American Int'l,Post,2023-03-11,H,6,13,L,-7
2023,2,547005,546954.0,American Int'l,Pace,2023-03-25,H,3,12,L,-9
2023,2,547005,546945.0,American Int'l,Franklin Pierce,2023-03-28,H,8,10,L,-2
2023,2,547005,546970.0,American Int'l,Saint Rose,2023-04-01,A,6,15,L,-9
2023,2,547005,546940.0,American Int'l,Bentley,2023-04-05,A,4,19,L,-15
2023,2,547005,546952.0,American Int'l,Southern N.H.,2023-04-08,H,8,16,L,-8
2023,2,547005,547007.0,American Int'l,St. Anselm,2023-04-11,A,2,23,L,-21
2023,2,547005,546947.0,American Int'l,Le Moyne,2023-04-14,H,4,13,L,-9
2023,2,547005,547006.0,American Int'l,Assumption,2023-04-22,A,9,16,L,-7
2023,2,547005,547009.0,American Int'l,Saint Michael's,2023-04-25,A,10,17,L,-7
2023,2,546956,546976.0,Anderson (SC),Chowan,2023-02-04,H,32,12,W,20
2023,2,546956,546944.0,Anderson (SC),Fla. Southern,2023-02-10,A,19,15,W,4
2023,2,546956,546996.0,Anderson (SC),Embry-Riddle (FL),2023-02-12,A,15,10,W,5
2023,2,546956,546983.0,Anderson (SC),Lees-McRae,2023-02-15,H,22,5,W,17
2023,2,546956,546991.0,Anderson (SC),Young Harris,2023-02-18,H,23,3,W,20
2023,2,546956,546955.0,Anderson (SC),Rollins,2023-02-24,H,10,17,L,-7
2023,2,546956,546962.0,Anderson (SC),Coker,2023-03-04,H,13,10,W,3
2023,2,546956,546964.0,Anderson (SC),Limestone,2023-03-11,H,15,14,W,1
2023,2,546956,546982.0,Anderson (SC),Tusculum,2023-03-15,A,19,9,W,10
2023,2,546956,547001.0,Anderson (SC),Lander,2023-03-18,A,14,9,W,5
2023,2,546956,546961.0,Anderson (SC),Catawba,2023-03-25,H,12,8,W,4
2023,2,546956,546998.0,Anderson (SC),Newberry,2023-03-29,A,12,17,L,-5
2023,2,546956,546979.0,Anderson (SC),North Greenville,2023-04-01,A,5,10,L,-5
2023,2,546956,546972.0,Anderson (SC),Wingate,2023-04-08,A,9,14,L,-5
2023,2,546956,546963.0,Anderson (SC),Lenoir-Rhyne,2023-04-12,H,7,17,L,-10
2023,2,546956,546966.0,Anderson (SC),Mars Hill,2023-04-15,H,20,16,W,4
2023,2,546956,546965.0,Anderson (SC),Lincoln Memorial,2023-04-22,A,13,5,W,8
2023,2,546956,546964.0,Anderson (SC),#5 Limestone 2023 SAC MLA Championship,2023-04-25,H,10,20,L,-10
2023,2,547006,546999.0,Assumption,Felician,2023-02-22,H,22,6,W,16
2023,2,547006,546989.0,Assumption,Roberts Wesleyan,2023-03-04,A,7,10,L,-3
2023,2,547006,546978.0,Assumption,Georgian Court,2023-03-11,A,7,13,L,-6
2023,2,547006,546945.0,Assumption,Franklin Pierce,2023-03-18,H,28,7,W,21
2023,2,547006,547009.0,Assumption,Saint Michael's,2023-03-25,A,12,14,L,-2
2023,2,547006,546940.0,Assumption,Bentley,2023-03-28,H,12,13,L,-1
2023,2,547006,547003.0,Assumption,Adelphi,2023-04-01,A,5,16,L,-11
2023,2,547006,546952.0,Assumption,Southern N.H.,2023-04-05,A,6,11,L,-5
2023,2,547006,546947.0,Assumption,Le Moyne,2023-04-08,H,3,11,L,-8
2023,2,547006,546954.0,Assumption,Pace,2023-04-11,H,14,20,L,-6
2023,2,547006,546970.0,Assumption,Saint Rose,2023-04-15,A,12,23,L,-11
2023,2,547006,546951.0,Assumption,Molloy,2023-04-19,A,14,6,W,8
2023,2,547006,547005.0,Assumption,American Int'l,2023-04-22,H,16,9,W,7
2023,2,547006,547007.0,Assumption,St. Anselm,2023-04-25,A,13,15,L,-2
2023,2,547002,546972.0,Barton,Wingate,2023-02-04,A,8,24,L,-16
2023,2,547002,546991.0,Barton,Young Harris,2023-02-11,H,21,12,W,9
2023,2,547002,546966.0,Barton,Mars Hill,2023-02-18,H,9,5,W,4
2023,2,547002,546941.0,Barton,"Davis & Elkins @Hampden Sydney, VA",2023-02-21,H,15,8,W,7
2023,2,547002,546962.0,Barton,Coker,2023-02-25,A,18,8,W,10
2023,2,547002,546995.0,Barton,Palm Beach Atl.,2023-03-04,A,17,12,W,5
2023,2,547002,546955.0,Barton,Rollins,2023-03-06,A,10,11,L,-1
2023,2,547002,547001.0,Barton,"Lander @Fort Mill, SC",2023-03-11,H,16,19,L,-3
2023,2,547002,546943.0,Barton,Florida Tech,2023-03-14,H,9,17,L,-8
2023,2,547002,546992.0,Barton,Emmanuel (GA),2023-03-18,H,14,4,W,10
2023,2,547002,546973.0,Barton,Belmont Abbey,2023-03-25,H,11,12,L,-1
2023,2,547002,546967.0,Barton,Mount Olive,2023-03-29,A,9,14,L,-5
2023,2,547002,546983.0,Barton,Lees-McRae,2023-04-01,H,19,6,W,13
2023,2,547002,546976.0,Barton,Chowan,2023-04-08,A,20,13,W,7
2023,2,547002,546979.0,Barton,North Greenville,2023-04-15,A,12,15,L,-3
2023,2,547002,546976.0,Barton,#5 Chowan 2023 Conference Carolinas MLA Championship,2023-04-24,H,19,10,W,9
2023,2,547002,546973.0,Barton,"#1 Belmont Abbey @Mount Olive, NC (2023 Conference Carolinas MLA Championship)",2023-04-27,H,10,7,W,3
2023,2,547002,546979.0,Barton,"#2 North Greenville @Mount Olive, NC (2023 Conference Carolinas MLA Championship)",2023-04-29,H,9,8,W,1
2023,2,546973,546966.0,Belmont Abbey,Mars Hill,2023-02-04,A,10,5,W,5
2023,2,546973,546998.0,Belmont Abbey,Newberry,2023-02-11,H,15,16,L,-1
2023,2,546973,546961.0,Belmont Abbey,Catawba,2023-02-18,A,7,1,W,6
2023,2,546973,546980.0,Belmont Abbey,Colorado Mesa,2023-02-25,H,12,11,W,1
2023,2,546973,546963.0,Belmont Abbey,Lenoir-Rhyne,2023-03-04,A,10,20,L,-10
2023,2,546973,546959.0,Belmont Abbey,Lewis,2023-03-08,H,8,14,L,-6
2023,2,546973,546996.0,Belmont Abbey,Embry-Riddle (FL),2023-03-15,H,14,10,W,4
2023,2,546973,546979.0,Belmont Abbey,North Greenville,2023-03-18,A,14,6,W,8
2023,2,546973,547002.0,Belmont Abbey,Barton,2023-03-25,A,12,11,W,1
2023,2,546973,546967.0,Belmont Abbey,Mount Olive,2023-04-01,H,8,7,W,1
2023,2,546973,546992.0,Belmont Abbey,Emmanuel (GA),2023-04-05,H,21,13,W,8
2023,2,546973,546976.0,Belmont Abbey,Chowan,2023-04-15,H,17,7,W,10
2023,2,546973,546983.0,Belmont Abbey,Lees-McRae,2023-04-20,A,16,6,W,10
2023,2,546973,547002.0,Belmont Abbey,"#4 Barton @Mount Olive, NC (2023 Conference Carolinas MLA Championship)",2023-04-27,H,7,10,L,-3
2023,2,546973,546964.0,Belmont Abbey,Limestone,2023-05-05,A,5,20,L,-15
2023,2,546940,546978.0,Bentley,Georgian Court,2023-02-18,H,19,4,W,15
2023,2,546940,547007.0,Bentley,St. Anselm,2023-03-11,A,6,17,L,-11
2023,2,546940,546970.0,Bentley,Saint Rose,2023-03-18,H,15,13,W,2
2023,2,546940,546949.0,Bentley,Mercy,2023-03-22,A,12,14,L,-2
2023,2,546940,546945.0,Bentley,Franklin Pierce,2023-03-25,A,17,9,W,8
2023,2,546940,547006.0,Bentley,Assumption,2023-03-28,A,13,12,W,1
2023,2,546940,547007.0,Bentley,St. Anselm,2023-04-01,H,8,11,L,-3
2023,2,546940,547005.0,Bentley,American Int'l,2023-04-05,H,19,4,W,15
2023,2,546940,546947.0,Bentley,Le Moyne,2023-04-11,A,10,12,L,-2
2023,2,546940,546954.0,Bentley,Pace,2023-04-15,A,11,10,W,1
2023,2,546940,547009.0,Bentley,Saint Michael's,2023-04-19,H,20,5,W,15
2023,2,546940,547003.0,Bentley,Adelphi,2023-04-22,A,13,11,W,2
2023,2,546940,546952.0,Bentley,Southern N.H.,2023-04-25,H,16,5,W,11
2023,2,546940,547003.0,Bentley,#3 Adelphi 2023 NE10 MLA Championship,2023-05-03,H,7,4,W,3
2023,2,546940,546947.0,Bentley,#1 Le Moyne 2023 NE10 MLA Championship,2023-05-06,A,8,12,L,-4
2023,2,546940,547003.0,Bentley,#5 Adelphi 2023 NCAA DII MLA Championship,2023-05-10,H,8,9,L,-1
2023,2,551553,547005.0,Bridgeport,American Int'l,2023-02-22,A,9,8,W,1
2023,2,551553,546945.0,Bridgeport,Franklin Pierce,2023-03-01,A,7,16,L,-9
2023,2,551553,546971.0,Bridgeport,St. Thomas Aquinas,2023-03-05,H,11,13,L,-2
2023,2,551553,546951.0,Bridgeport,Molloy,2023-03-11,H,3,13,L,-10
2023,2,551553,547014.0,Bridgeport,D'Youville,2023-03-16,H,14,18,L,-4
2023,2,551553,547009.0,Bridgeport,Saint Michael's,2023-03-18,A,6,25,L,-19
2023,2,551553,546968.0,Bridgeport,Post,2023-03-26,A,6,15,L,-9
2023,2,551553,546999.0,Bridgeport,Felician,2023-04-01,A,7,10,L,-3
2023,2,551553,546958.0,Bridgeport,Caldwell,2023-04-04,A,8,10,L,-2
2023,2,551553,546977.0,Bridgeport,Dominican (NY),2023-04-12,A,12,17,L,-5
2023,2,551553,546985.0,Bridgeport,Chestnut Hill,2023-04-15,H,5,16,L,-11
2023,2,551553,546978.0,Bridgeport,Georgian Court,2023-04-22,H,8,21,L,-13
2023,2,551553,546997.0,Bridgeport,Wilmington (DE),2023-04-28,H,6,22,L,-16
2023,2,546974,546982.0,CSU Pueblo,Tusculum,2023-02-04,A,7,9,L,-2
2023,2,546974,546969.0,CSU Pueblo,Rockhurst,2023-02-10,A,6,22,L,-16
2023,2,546974,546960.0,CSU Pueblo,"Davenport @Kansas City, MO",2023-02-12,H,5,15,L,-10
2023,2,546974,546984.0,CSU Pueblo,"Lynn @Salt Lake City, UT",2023-03-04,H,8,15,L,-7
2023,2,546974,546993.0,CSU Pueblo,Westminster (UT),2023-03-06,A,1,22,L,-21
2023,2,546974,546948.0,CSU Pueblo,Maryville (MO),2023-03-18,A,5,12,L,-7
2023,2,546974,547013.0,CSU Pueblo,Quincy,2023-03-20,A,8,13,L,-5
2023,2,546974,547011.0,CSU Pueblo,Adams St.,2023-04-01,H,11,6,W,5
2023,2,546974,546993.0,CSU Pueblo,Westminster (UT),2023-04-07,H,11,25,L,-14
2023,2,546974,546980.0,CSU Pueblo,Colorado Mesa,2023-04-16,H,5,22,L,-17
2023,2,546974,547221.0,CSU Pueblo,Colorado Col.,2023-04-19,H,6,12,L,-6
2023,2,546974,547011.0,CSU Pueblo,Adams St.,2023-04-22,A,8,9,L,-1
2023,2,546974,546980.0,CSU Pueblo,Colorado Mesa,2023-04-28,A,3,22,L,-19
2023,2,546974,546993.0,CSU Pueblo,"#2 Westminster (UT) @Grand Junction, CO (2023 RMAC MLA Tournament)",2023-05-04,H,6,18,L,-12
2023,2,546958,546942.0,Caldwell,Dist. Columbia,2023-02-18,H,18,8,W,10
2023,2,546958,547005.0,Caldwell,American Int'l,2023-02-26,A,10,12,L,-2
2023,2,546958,546945.0,Caldwell,Franklin Pierce,2023-03-04,H,7,13,L,-6
2023,2,546958,547003.0,Caldwell,Adelphi,2023-03-08,A,1,19,L,-18
2023,2,546958,546971.0,Caldwell,St. Thomas Aquinas,2023-03-11,A,9,10,L,-1
2023,2,546958,546999.0,Caldwell,Felician,2023-03-25,H,8,10,L,-2
2023,2,546958,546997.0,Caldwell,Wilmington (DE),2023-04-01,A,15,25,L,-10
2023,2,546958,551553.0,Caldwell,Bridgeport,2023-04-04,H,10,8,W,2
2023,2,546958,546968.0,Caldwell,Post,2023-04-11,A,6,21,L,-15
2023,2,546958,546978.0,Caldwell,Georgian Court,2023-04-15,H,10,20,L,-10
2023,2,546958,546977.0,Caldwell,Dominican (NY),2023-04-22,A,11,12,L,-1
2023,2,546958,546985.0,Caldwell,Chestnut Hill,2023-04-28,H,3,14,L,-11
2023,2,546961,546967.0,Catawba,Mount Olive,2023-02-11,H,6,9,L,-3
2023,2,546961,546973.0,Catawba,Belmont Abbey,2023-02-18,H,1,7,L,-6
2023,2,546961,546947.0,Catawba,"Le Moyne @Baltimore, MD",2023-02-26,H,4,16,L,-12
2023,2,546961,546994.0,Catawba,Montevallo,2023-03-04,H,8,10,L,-2
2023,2,546961,546966.0,Catawba,Mars Hill,2023-03-11,A,16,12,W,4
2023,2,546961,546972.0,Catawba,Wingate,2023-03-15,H,8,15,L,-7
2023,2,546961,546963.0,Catawba,Lenoir-Rhyne,2023-03-18,A,7,20,L,-13
2023,2,546961,546956.0,Catawba,Anderson (SC),2023-03-25,A,8,12,L,-4
2023,2,546961,546962.0,Catawba,Coker,2023-03-29,H,9,10,L,-1
2023,2,546961,546982.0,Catawba,Tusculum,2023-04-01,A,10,9,W,1
2023,2,546961,546998.0,Catawba,Newberry,2023-04-08,A,7,13,L,-6
2023,2,546961,546964.0,Catawba,Limestone,2023-04-12,H,9,25,L,-16
2023,2,546961,546965.0,Catawba,Lincoln Memorial,2023-04-15,H,12,10,W,2
2023,2,546985,546986.0,Chestnut Hill,Seton Hill,2023-02-25,H,4,7,L,-3
2023,2,546985,546970.0,Chestnut Hill,Saint Rose,2023-03-07,H,10,9,W,1
2023,2,546985,546950.0,Chestnut Hill,Mercyhurst,2023-03-11,A,2,11,L,-9
2023,2,546985,546951.0,Chestnut Hill,Molloy,2023-03-15,A,10,9,W,1
2023,2,546985,546942.0,Chestnut Hill,Dist. Columbia,2023-03-18,A,17,2,W,15
2023,2,546985,546941.0,Chestnut Hill,Davis & Elkins,2023-03-22,H,15,7,W,8
2023,2,546985,546977.0,Chestnut Hill,Dominican (NY),2023-03-31,A,11,2,W,9
2023,2,546985,546999.0,Chestnut Hill,Felician,2023-04-06,H,16,4,W,12
2023,2,546985,546997.0,Chestnut Hill,Wilmington (DE),2023-04-12,H,15,10,W,5
2023,2,546985,551553.0,Chestnut Hill,Bridgeport,2023-04-15,A,16,5,W,11
2023,2,546985,546978.0,Chestnut Hill,Georgian Court,2023-04-18,A,5,9,L,-4
2023,2,546985,546968.0,Chestnut Hill,Post,2023-04-22,H,9,11,L,-2
2023,2,546985,546958.0,Chestnut Hill,Caldwell,2023-04-28,A,14,3,W,11
2023,2,546985,546997.0,Chestnut Hill,"#3 Wilmington (DE) @Waterbury, CT (2023 CACC MLA Championship)",2023-05-05,H,12,8,W,4
2023,2,546985,546978.0,Chestnut Hill,"#1 Georgian Court @Waterbury, CT (2023 CACC MLA Championship)",2023-05-07,H,10,9,W,1
2023,2,546976,546956.0,Chowan,Anderson (SC),2023-02-04,A,12,32,L,-20
2023,2,546976,546982.0,Chowan,Tusculum,2023-02-11,H,17,18,L,-1
2023,2,546976,546990.0,Chowan,Shorter,2023-02-18,A,25,16,W,9
2023,2,546976,546962.0,Chowan,Coker,2023-02-22,A,11,18,L,-7
2023,2,546976,546991.0,Chowan,Young Harris,2023-02-28,H,15,16,L,-1
2023,2,546976,546957.0,Chowan,Wheeling,2023-03-05,H,15,16,L,-1
2023,2,546976,547012.0,Chowan,Alderson Broaddus,2023-03-08,A,20,5,W,15
2023,2,546976,546965.0,Chowan,Lincoln Memorial,2023-03-11,H,10,15,L,-5
2023,2,546976,546983.0,Chowan,Lees-McRae,2023-03-22,H,16,10,W,6
2023,2,546976,546979.0,Chowan,North Greenville,2023-03-25,A,9,17,L,-8
2023,2,546976,546992.0,Chowan,Emmanuel (GA),2023-04-01,H,17,6,W,11
2023,2,546976,547002.0,Chowan,Barton,2023-04-08,H,13,20,L,-7
2023,2,546976,546973.0,Chowan,Belmont Abbey,2023-04-15,A,7,17,L,-10
2023,2,546976,546967.0,Chowan,Mount Olive,2023-04-20,A,9,11,L,-2
2023,2,546976,547002.0,Chowan,#4 Barton 2023 Conference Carolinas MLA Championship,2023-04-24,A,10,19,L,-9
2023,2,546962,546992.0,Coker,Emmanuel (GA),2023-02-04,A,22,6,W,16
2023,2,546962,547001.0,Coker,Lander,2023-02-11,H,12,11,W,1
2023,2,546962,546979.0,Coker,North Greenville,2023-02-18,H,12,13,L,-1
2023,2,546962,546976.0,Coker,Chowan,2023-02-22,H,18,11,W,7
2023,2,546962,547002.0,Coker,Barton,2023-02-25,H,8,18,L,-10
2023,2,546962,546956.0,Coker,Anderson (SC),2023-03-04,A,10,13,L,-3
2023,2,546962,546982.0,Coker,Tusculum,2023-03-12,H,7,5,W,2
2023,2,546962,546966.0,Coker,Mars Hill,2023-03-18,H,9,7,W,2
2023,2,546962,546990.0,Coker,Shorter,2023-03-22,H,16,4,W,12
2023,2,546962,546965.0,Coker,Lincoln Memorial,2023-03-25,A,5,9,L,-4
2023,2,546962,546961.0,Coker,Catawba,2023-03-29,A,10,9,W,1
2023,2,546962,546964.0,Coker,Limestone,2023-04-01,H,4,19,L,-15
2023,2,546962,546998.0,Coker,Newberry,2023-04-12,H,5,20,L,-15
2023,2,546962,546972.0,Coker,Wingate,2023-04-15,A,7,24,L,-17
2023,2,546962,546963.0,Coker,Lenoir-Rhyne,2023-04-22,H,1,13,L,-12
2023,2,546980,547221.0,Colorado Mesa,Colorado Col.,2023-02-18,A,15,9,W,6
2023,2,546980,546983.0,Colorado Mesa,Lees-McRae,2023-02-23,A,25,2,W,23
2023,2,546980,546973.0,Colorado Mesa,Belmont Abbey,2023-02-25,A,11,12,L,-1
2023,2,546980,546967.0,Colorado Mesa,Mount Olive,2023-02-28,A,19,8,W,11
2023,2,546980,546969.0,Colorado Mesa,Rockhurst,2023-03-03,A,16,6,W,10
2023,2,546980,547013.0,Colorado Mesa,"Quincy @Kansas City, MO",2023-03-04,H,21,7,W,14
2023,2,546980,546955.0,Colorado Mesa,"Rollins @Salt Lake City, UT",2023-03-11,H,15,10,W,5
2023,2,546980,546943.0,Colorado Mesa,Florida Tech,2023-03-18,A,20,14,W,6
2023,2,546980,547010.0,Colorado Mesa,Tampa,2023-03-20,A,11,19,L,-8
2023,2,546980,546995.0,Colorado Mesa,Palm Beach Atl.,2023-03-22,A,15,8,W,7
2023,2,546980,546993.0,Colorado Mesa,Westminster (UT),2023-04-01,H,23,8,W,15
2023,2,546980,547011.0,Colorado Mesa,Adams St.,2023-04-14,A,22,3,W,19
2023,2,546980,546974.0,Colorado Mesa,CSU Pueblo,2023-04-16,A,22,5,W,17
2023,2,546980,546993.0,Colorado Mesa,Westminster (UT),2023-04-23,A,14,13,W,1
2023,2,546980,546974.0,Colorado Mesa,CSU Pueblo,2023-04-28,H,22,3,W,19
2023,2,546980,547011.0,Colorado Mesa,Adams St.,2023-04-30,H,27,4,W,23
2023,2,546980,547011.0,Colorado Mesa,#4 Adams St. 2023 RMAC MLA Tournament,2023-05-04,H,23,3,W,20
2023,2,546980,546993.0,Colorado Mesa,#2 Westminster (UT) 2023 RMAC MLA Tournament,2023-05-05,H,21,16,W,5
2023,2,546960,,Davenport,Indiana Tech,2023-02-04,A,10,11,L,-1
2023,2,546960,546974.0,Davenport,"CSU Pueblo @Kansas City, MO",2023-02-12,H,15,5,W,10
2023,2,546960,546989.0,Davenport,Roberts Wesleyan,2023-02-21,H,14,17,L,-3
2023,2,546960,547004.0,Davenport,UAH,2023-02-26,A,6,9,L,-3
2023,2,546960,546994.0,Davenport,Montevallo,2023-02-28,A,8,9,L,-1
2023,2,546960,546975.0,Davenport,Lake Erie,2023-03-08,A,14,15,L,-1
2023,2,546960,546957.0,Davenport,Wheeling,2023-03-10,A,12,11,W,1
2023,2,546960,546988.0,Davenport,Walsh,2023-03-25,H,13,12,W,1
2023,2,546960,546946.0,Davenport,UIndy,2023-04-01,A,10,21,L,-11
2023,2,546960,546948.0,Davenport,Maryville (MO),2023-04-15,H,7,16,L,-9
2023,2,546960,547013.0,Davenport,Quincy,2023-04-22,A,15,10,W,5
2023,2,546960,546959.0,Davenport,Lewis,2023-04-25,H,9,17,L,-8
2023,2,546960,546969.0,Davenport,Rockhurst,2023-04-29,H,12,10,W,2
2023,2,546941,546990.0,Davis & Elkins,Shorter,2023-02-09,A,11,15,L,-4
2023,2,546941,,Davis & Elkins,"Keiser @Rome, GA",2023-02-11,H,2,13,L,-11
2023,2,546941,553533.0,Davis & Elkins,Thomas More,2023-02-18,H,22,7,W,15
2023,2,546941,547002.0,Davis & Elkins,"Barton @Hampden Sydney, VA",2023-02-21,H,8,15,L,-7
2023,2,546941,546989.0,Davis & Elkins,Roberts Wesleyan,2023-02-25,H,10,22,L,-12
2023,2,546941,547008.0,Davis & Elkins,Saint Leo,2023-03-05,A,4,21,L,-17
2023,2,546941,546995.0,Davis & Elkins,Palm Beach Atl.,2023-03-07,A,5,22,L,-17
2023,2,546941,546984.0,Davis & Elkins,Lynn,2023-03-09,A,7,25,L,-18
2023,2,546941,550213.0,Davis & Elkins,Malone,2023-03-18,A,12,11,W,1
2023,2,546941,546985.0,Davis & Elkins,Chestnut Hill,2023-03-22,A,7,15,L,-8
2023,2,546941,546957.0,Davis & Elkins,Wheeling,2023-03-25,H,18,20,L,-2
2023,2,546941,547012.0,Davis & Elkins,Alderson Broaddus,2023-04-03,H,22,6,W,16
2023,2,546941,546950.0,Davis & Elkins,Mercyhurst,2023-04-07,A,7,26,L,-19
2023,2,546941,547000.0,Davis & Elkins,Frostburg St.,2023-04-11,A,13,17,L,-4
2023,2,546941,546988.0,Davis & Elkins,Walsh,2023-04-15,H,4,15,L,-11
2023,2,546941,546975.0,Davis & Elkins,Lake Erie,2023-04-22,H,5,11,L,-6
2023,2,546941,546986.0,Davis & Elkins,Seton Hill,2023-04-29,A,7,31,L,-24
2023,2,546942,546958.0,Dist. Columbia,Caldwell,2023-02-18,A,8,18,L,-10
2023,2,546942,546978.0,Dist. Columbia,Georgian Court,2023-03-04,A,4,22,L,-18
2023,2,546942,546977.0,Dist. Columbia,Dominican (NY),2023-03-11,H,8,21,L,-13
2023,2,546942,546985.0,Dist. Columbia,Chestnut Hill,2023-03-18,H,2,17,L,-15
2023,2,546942,547000.0,Dist. Columbia,Frostburg St.,2023-03-25,H,3,30,L,-27
2023,2,546942,546989.0,Dist. Columbia,Roberts Wesleyan,2023-04-01,A,2,27,L,-25
2023,2,546942,547014.0,Dist. Columbia,D'Youville,2023-04-08,A,7,18,L,-11
2023,2,546942,546949.0,Dist. Columbia,Mercy,2023-04-15,H,3,24,L,-21
2023,2,546942,546951.0,Dist. Columbia,Molloy,2023-04-22,A,4,30,L,-26
2023,2,546942,546971.0,Dist. Columbia,St. Thomas Aquinas,2023-04-29,H,7,24,L,-17
2023,2,546977,546949.0,Dominican (NY),Mercy,2023-02-11,H,1,23,L,-22
2023,2,546977,547014.0,Dominican (NY),D'Youville,2023-02-26,A,12,13,L,-1
2023,2,546977,546984.0,Dominican (NY),Lynn,2023-03-01,A,4,24,L,-20
2023,2,546977,546944.0,Dominican (NY),Fla. Southern,2023-03-04,A,4,25,L,-21
2023,2,546977,547005.0,Dominican (NY),American Int'l,2023-03-08,H,8,4,W,4
2023,2,546977,546942.0,Dominican (NY),Dist. Columbia,2023-03-11,A,21,8,W,13
2023,2,546977,546970.0,Dominican (NY),Saint Rose,2023-03-22,A,6,15,L,-9
2023,2,546977,546971.0,Dominican (NY),St. Thomas Aquinas,2023-03-29,H,7,10,L,-3
2023,2,546977,546985.0,Dominican (NY),Chestnut Hill,2023-03-31,H,2,11,L,-9
2023,2,546977,546968.0,Dominican (NY),Post,2023-04-05,A,7,18,L,-11
2023,2,546977,551553.0,Dominican (NY),Bridgeport,2023-04-12,H,17,12,W,5
2023,2,546977,546997.0,Dominican (NY),Wilmington (DE),2023-04-18,A,10,25,L,-15
2023,2,546977,546958.0,Dominican (NY),Caldwell,2023-04-22,H,12,11,W,1
2023,2,546977,546999.0,Dominican (NY),Felician,2023-04-25,A,11,6,W,5
2023,2,546977,546978.0,Dominican (NY),Georgian Court,2023-04-28,H,11,17,L,-6
2023,2,546977,546968.0,Dominican (NY),#4 Post 2023 CACC MLA Championship,2023-05-01,A,10,12,L,-2
2023,2,546996,547015.0,Embry-Riddle (FL),Flagler,2023-02-01,A,11,10,W,1
2023,2,546996,546964.0,Embry-Riddle (FL),Limestone,2023-02-04,A,10,16,L,-6
2023,2,546996,546956.0,Embry-Riddle (FL),Anderson (SC),2023-02-12,H,10,15,L,-5
2023,2,546996,546994.0,Embry-Riddle (FL),Montevallo,2023-02-17,A,18,15,W,3
2023,2,546996,547004.0,Embry-Riddle (FL),UAH,2023-02-19,A,18,10,W,8
2023,2,546996,547001.0,Embry-Riddle (FL),"Lander @Savannah, GA",2023-03-03,H,16,14,W,2
2023,2,546996,547010.0,Embry-Riddle (FL),Tampa,2023-03-08,A,3,20,L,-17
2023,2,546996,546973.0,Embry-Riddle (FL),Belmont Abbey,2023-03-15,A,10,14,L,-4
2023,2,546996,546955.0,Embry-Riddle (FL),Rollins,2023-03-25,H,5,15,L,-10
2023,2,546996,546944.0,Embry-Riddle (FL),Fla. Southern,2023-04-01,H,5,21,L,-16
2023,2,546996,546984.0,Embry-Riddle (FL),Lynn,2023-04-05,A,8,15,L,-7
2023,2,546996,547008.0,Embry-Riddle (FL),Saint Leo,2023-04-08,A,10,17,L,-7
2023,2,546996,546943.0,Embry-Riddle (FL),Florida Tech,2023-04-12,H,7,11,L,-4
2023,2,546996,546995.0,Embry-Riddle (FL),Palm Beach Atl.,2023-04-15,H,17,9,W,8
2023,2,546992,546962.0,Emmanuel (GA),Coker,2023-02-04,H,6,22,L,-16
2023,2,546992,547004.0,Emmanuel (GA),UAH,2023-02-11,A,4,22,L,-18
2023,2,546992,547001.0,Emmanuel (GA),Lander,2023-02-15,A,11,21,L,-10
2023,2,546992,546982.0,Emmanuel (GA),Tusculum,2023-02-18,A,4,15,L,-11
2023,2,546992,546965.0,Emmanuel (GA),Lincoln Memorial,2023-02-25,A,9,17,L,-8
2023,2,546992,546990.0,Emmanuel (GA),Shorter,2023-03-01,H,13,10,W,3
2023,2,546992,546943.0,Emmanuel (GA),Florida Tech,2023-03-08,A,8,26,L,-18
2023,2,546992,547002.0,Emmanuel (GA),Barton,2023-03-18,A,4,14,L,-10
2023,2,546992,546991.0,Emmanuel (GA),Young Harris,2023-03-22,H,11,12,L,-1
2023,2,546992,546967.0,Emmanuel (GA),Mount Olive,2023-03-25,H,8,14,L,-6
2023,2,546992,546976.0,Emmanuel (GA),Chowan,2023-04-01,A,6,17,L,-11
2023,2,546992,546973.0,Emmanuel (GA),Belmont Abbey,2023-04-05,A,13,21,L,-8
2023,2,546992,546983.0,Emmanuel (GA),Lees-McRae,2023-04-08,H,8,4,W,4
2023,2,546992,546979.0,Emmanuel (GA),North Greenville,2023-04-20,H,8,19,L,-11
2023,2,546992,546967.0,Emmanuel (GA),#3 Mount Olive 2023 Conference Carolinas MLA Championship,2023-04-24,A,4,22,L,-18
2023,2,546999,547012.0,Felician,"Alderson Broaddus @Sparks, MD",2023-02-19,H,20,1,W,19
2023,2,546999,547006.0,Felician,Assumption,2023-02-22,A,6,22,L,-16
2023,2,546999,550213.0,Felician,Malone,2023-02-25,H,8,17,L,-9
2023,2,546999,546971.0,Felician,St. Thomas Aquinas,2023-03-02,H,6,12,L,-6
2023,2,546999,547014.0,Felician,D'Youville,2023-03-11,A,9,16,L,-7
2023,2,546999,546958.0,Felician,Caldwell,2023-03-25,A,10,8,W,2
2023,2,546999,551553.0,Felician,Bridgeport,2023-04-01,H,10,7,W,3
2023,2,546999,546985.0,Felician,Chestnut Hill,2023-04-06,A,4,16,L,-12
2023,2,546999,546978.0,Felician,Georgian Court,2023-04-12,H,7,21,L,-14
2023,2,546999,546997.0,Felician,Wilmington (DE),2023-04-22,H,6,24,L,-18
2023,2,546999,546977.0,Felician,Dominican (NY),2023-04-25,H,6,11,L,-5
2023,2,546999,546968.0,Felician,Post,2023-04-28,A,5,19,L,-14
2023,2,546944,547004.0,Fla. Southern,UAH,2023-02-03,A,14,4,W,10
2023,2,546944,546994.0,Fla. Southern,Montevallo,2023-02-05,A,23,4,W,19
2023,2,546944,546956.0,Fla. Southern,Anderson (SC),2023-02-10,H,15,19,L,-4
2023,2,546944,546964.0,Fla. Southern,Limestone,2023-02-25,H,15,20,L,-5
2023,2,546944,546977.0,Fla. Southern,Dominican (NY),2023-03-04,H,25,4,W,21
2023,2,546944,547218.0,Fla. Southern,Clark (MA),2023-03-08,H,22,9,W,13
2023,2,546944,546991.0,Fla. Southern,Young Harris,2023-03-11,H,26,6,W,20
2023,2,546944,547015.0,Fla. Southern,Flagler,2023-03-17,H,28,8,W,20
2023,2,546944,546984.0,Fla. Southern,Lynn,2023-03-23,A,22,6,W,16
2023,2,546944,546993.0,Fla. Southern,Westminster (UT),2023-03-26,H,14,9,W,5
2023,2,546944,546996.0,Fla. Southern,Embry-Riddle (FL),2023-04-01,A,21,5,W,16
2023,2,546944,547008.0,Fla. Southern,Saint Leo,2023-04-05,H,21,10,W,11
2023,2,546944,547010.0,Fla. Southern,Tampa,2023-04-08,H,8,17,L,-9
2023,2,546944,546955.0,Fla. Southern,Rollins,2023-04-12,A,6,14,L,-8
2023,2,546944,546943.0,Fla. Southern,Florida Tech,2023-04-15,H,15,12,W,3
2023,2,546944,546995.0,Fla. Southern,Palm Beach Atl.,2023-04-22,A,21,11,W,10
2023,2,546944,547010.0,Fla. Southern,Tampa,2023-04-27,A,12,10,W,2
2023,2,546944,546955.0,Fla. Southern,Rollins,2023-04-30,A,7,13,L,-6
2023,2,547015,546996.0,Flagler,Embry-Riddle (FL),2023-02-01,H,10,11,L,-1
2023,2,547015,546995.0,Flagler,Palm Beach Atl.,2023-02-10,H,18,10,W,8
2023,2,547015,547010.0,Flagler,Tampa,2023-02-15,A,7,22,L,-15
2023,2,547015,546943.0,Flagler,Florida Tech,2023-02-18,H,6,10,L,-4
2023,2,547015,546984.0,Flagler,Lynn,2023-02-25,A,8,13,L,-5
2023,2,547015,546955.0,Flagler,Rollins,2023-03-04,A,6,17,L,-11
2023,2,547015,546967.0,Flagler,Mount Olive,2023-03-07,H,14,11,W,3
2023,2,547015,547008.0,Flagler,Saint Leo,2023-03-11,H,11,13,L,-2
2023,2,547015,547013.0,Flagler,Quincy,2023-03-14,H,11,12,L,-1
2023,2,547015,546944.0,Flagler,Fla. Southern,2023-03-17,A,8,28,L,-20
2023,2,547015,546994.0,Flagler,Montevallo,2023-03-25,H,15,9,W,6
2023,2,547015,546991.0,Flagler,Young Harris,2023-04-01,A,16,10,W,6
2023,2,547015,546990.0,Flagler,Shorter,2023-04-08,H,24,6,W,18
2023,2,547015,547001.0,Flagler,Lander,2023-04-15,H,8,13,L,-5
2023,2,547015,547004.0,Flagler,UAH,2023-04-22,A,13,12,W,1
2023,2,547015,546994.0,Flagler,#3 Montevallo 2023 PBC MLA Tournament,2023-04-30,H,15,13,W,2
2023,2,547015,547001.0,Flagler,#1 Lander 2023 PBC MLA Tournament,2023-05-06,A,11,14,L,-3
2023,2,546943,547010.0,Florida Tech,Tampa,2023-02-04,H,7,13,L,-6
2023,2,546943,547015.0,Florida Tech,Flagler,2023-02-18,A,10,6,W,4
2023,2,546943,547057.0,Florida Tech,Wentworth,2023-03-06,H,17,3,W,14
2023,2,546943,546992.0,Florida Tech,Emmanuel (GA),2023-03-08,H,26,8,W,18
2023,2,546943,546963.0,Florida Tech,"Lenoir-Rhyne @Durham, NC",2023-03-11,H,11,20,L,-9
2023,2,546943,547002.0,Florida Tech,Barton,2023-03-14,A,17,9,W,8
2023,2,546943,546980.0,Florida Tech,Colorado Mesa,2023-03-18,H,14,20,L,-6
2023,2,546943,547008.0,Florida Tech,Saint Leo,2023-03-25,A,8,16,L,-8
2023,2,546943,546984.0,Florida Tech,Lynn,2023-04-01,H,13,12,W,1
2023,2,546943,547010.0,Florida Tech,Tampa,2023-04-05,A,11,14,L,-3
2023,2,546943,546995.0,Florida Tech,Palm Beach Atl.,2023-04-08,H,17,11,W,6
2023,2,546943,546996.0,Florida Tech,Embry-Riddle (FL),2023-04-12,A,11,7,W,4
2023,2,546943,546944.0,Florida Tech,Fla. Southern,2023-04-15,A,12,15,L,-3
2023,2,546943,546955.0,Florida Tech,Rollins,2023-04-22,H,12,15,L,-3
2023,2,546945,547014.0,Franklin Pierce,D'Youville,2023-02-11,A,24,12,W,12
2023,2,546945,546951.0,Franklin Pierce,Molloy,2023-02-22,A,8,12,L,-4
2023,2,546945,551553.0,Franklin Pierce,Bridgeport,2023-03-01,H,16,7,W,9
2023,2,546945,546958.0,Franklin Pierce,Caldwell,2023-03-04,A,13,7,W,6
2023,2,546945,547006.0,Franklin Pierce,Assumption,2023-03-18,A,7,28,L,-21
2023,2,546945,546940.0,Franklin Pierce,Bentley,2023-03-25,H,9,17,L,-8
2023,2,546945,547005.0,Franklin Pierce,American Int'l,2023-03-28,A,10,8,W,2
2023,2,546945,547007.0,Franklin Pierce,St. Anselm,2023-04-05,H,7,17,L,-10
2023,2,546945,546954.0,Franklin Pierce,Pace,2023-04-08,A,9,18,L,-9
2023,2,546945,547009.0,Franklin Pierce,Saint Michael's,2023-04-11,H,11,14,L,-3
2023,2,546945,547003.0,Franklin Pierce,Adelphi,2023-04-15,H,8,14,L,-6
2023,2,546945,546952.0,Franklin Pierce,Southern N.H.,2023-04-19,A,12,13,L,-1
2023,2,546945,546947.0,Franklin Pierce,Le Moyne,2023-04-22,A,7,22,L,-15
2023,2,546945,546970.0,Franklin Pierce,Saint Rose,2023-04-25,H,13,12,W,1
2023,2,547000,546970.0,Frostburg St.,"Saint Rose @Baltimore, MD",2023-02-22,H,11,10,W,1
2023,2,547000,546975.0,Frostburg St.,Lake Erie,2023-02-25,A,15,14,W,1
2023,2,547000,547010.0,Frostburg St.,"Tampa @Boyds, MD",2023-03-04,H,14,12,W,2
2023,2,547000,550213.0,Frostburg St.,Malone,2023-03-08,H,24,8,W,16
2023,2,547000,546988.0,Frostburg St.,Walsh,2023-03-11,H,17,8,W,9
2023,2,547000,546971.0,Frostburg St.,St. Thomas Aquinas,2023-03-18,A,20,4,W,16
2023,2,547000,546957.0,Frostburg St.,Wheeling,2023-03-21,A,20,6,W,14
2023,2,547000,546942.0,Frostburg St.,Dist. Columbia,2023-03-25,A,30,3,W,27
2023,2,547000,546986.0,Frostburg St.,Seton Hill,2023-03-28,A,13,14,L,-1
2023,2,547000,547014.0,Frostburg St.,D'Youville,2023-04-01,H,30,3,W,27
2023,2,547000,546949.0,Frostburg St.,Mercy,2023-04-07,A,7,9,L,-2
2023,2,547000,546941.0,Frostburg St.,Davis & Elkins,2023-04-11,H,17,13,W,4
2023,2,547000,546951.0,Frostburg St.,Molloy,2023-04-15,H,14,15,L,-1
2023,2,547000,546950.0,Frostburg St.,Mercyhurst,2023-04-22,A,10,21,L,-11
2023,2,547000,547012.0,Frostburg St.,Alderson Broaddus,2023-04-25,H,32,0,W,32
2023,2,547000,546989.0,Frostburg St.,Roberts Wesleyan,2023-04-29,H,18,16,W,2
2023,2,547000,546989.0,Frostburg St.,#3 Roberts Wesleyan 2023 ECC MLA Championship,2023-05-03,H,21,13,W,8
2023,2,547000,546949.0,Frostburg St.,#1 Mercy 2023 ECC MLA Championship,2023-05-06,A,9,15,L,-6
2023,2,546978,546940.0,Georgian Court,Bentley,2023-02-18,A,4,19,L,-15
2023,2,546978,546949.0,Georgian Court,Mercy,2023-02-22,H,8,18,L,-10
2023,2,546978,546970.0,Georgian Court,Saint Rose,2023-02-25,H,11,10,W,1
2023,2,546978,547003.0,Georgian Court,Adelphi,2023-03-01,H,4,24,L,-20
2023,2,546978,546942.0,Georgian Court,Dist. Columbia,2023-03-04,H,22,4,W,18
2023,2,546978,546951.0,Georgian Court,Molloy,2023-03-07,A,9,11,L,-2
2023,2,546978,547006.0,Georgian Court,Assumption,2023-03-11,H,13,7,W,6
2023,2,546978,546954.0,Georgian Court,Pace,2023-03-18,A,5,16,L,-11
2023,2,546978,546971.0,Georgian Court,St. Thomas Aquinas,2023-03-22,H,15,7,W,8
2023,2,546978,546968.0,Georgian Court,Post,2023-04-01,H,21,11,W,10
2023,2,546978,546997.0,Georgian Court,Wilmington (DE),2023-04-04,H,15,13,W,2
2023,2,546978,546999.0,Georgian Court,Felician,2023-04-12,A,21,7,W,14
2023,2,546978,546958.0,Georgian Court,Caldwell,2023-04-15,A,20,10,W,10
2023,2,546978,546985.0,Georgian Court,Chestnut Hill,2023-04-18,H,9,5,W,4
2023,2,546978,551553.0,Georgian Court,Bridgeport,2023-04-22,A,21,8,W,13
2023,2,546978,546977.0,Georgian Court,Dominican (NY),2023-04-28,A,17,11,W,6
2023,2,546978,546968.0,Georgian Court,#4 Post 2023 CACC MLA Championship,2023-05-05,A,16,14,W,2
2023,2,546978,546985.0,Georgian Court,"#2 Chestnut Hill @Waterbury, CT (2023 CACC MLA Championship)",2023-05-07,H,9,10,L,-1
2023,2,546975,546946.0,Lake Erie,UIndy,2023-02-04,A,10,21,L,-11
2023,2,546975,546959.0,Lake Erie,Lewis,2023-02-11,A,7,12,L,-5
2023,2,546975,547013.0,Lake Erie,"Quincy @Romeoville, IL",2023-02-12,H,15,18,L,-3
2023,2,546975,547000.0,Lake Erie,Frostburg St.,2023-02-25,H,14,15,L,-1
2023,2,546975,546960.0,Lake Erie,Davenport,2023-03-08,H,15,14,W,1
2023,2,546975,547009.0,Lake Erie,Saint Michael's,2023-03-12,H,9,18,L,-9
2023,2,546975,546997.0,Lake Erie,Wilmington (DE),2023-03-17,A,11,12,L,-1
2023,2,546975,546988.0,Lake Erie,Walsh,2023-03-22,A,16,12,W,4
2023,2,546975,546986.0,Lake Erie,Seton Hill,2023-04-01,H,10,13,L,-3
2023,2,546975,547014.0,Lake Erie,D'Youville,2023-04-05,A,20,9,W,11
2023,2,546975,547012.0,Lake Erie,Alderson Broaddus,2023-04-08,A,17,3,W,14
2023,2,546975,546957.0,Lake Erie,Wheeling,2023-04-15,H,19,7,W,12
2023,2,546975,546950.0,Lake Erie,Mercyhurst,2023-04-19,H,12,14,L,-2
2023,2,546975,546941.0,Lake Erie,Davis & Elkins,2023-04-22,A,11,5,W,6
2023,2,546975,550213.0,Lake Erie,Malone,2023-04-29,A,23,9,W,14
2023,2,546975,546950.0,Lake Erie,#2 Mercyhurst 2023 G-MAC MLA Championship,2023-05-03,A,8,22,L,-14
2023,2,547001,546967.0,Lander,Mount Olive,2023-02-04,A,11,7,W,4
2023,2,547001,546962.0,Lander,Coker,2023-02-11,A,11,12,L,-1
2023,2,547001,546992.0,Lander,Emmanuel (GA),2023-02-15,H,21,11,W,10
2023,2,547001,546965.0,Lander,Lincoln Memorial,2023-02-18,A,13,9,W,4
2023,2,547001,546979.0,Lander,North Greenville,2023-02-25,H,9,7,W,2
2023,2,547001,546996.0,Lander,"Embry-Riddle (FL) @Savannah, GA",2023-03-03,H,14,16,L,-2
2023,2,547001,546982.0,Lander,Tusculum,2023-03-07,H,25,6,W,19
2023,2,547001,547002.0,Lander,"Barton @Fort Mill, SC",2023-03-11,H,19,16,W,3
2023,2,547001,546956.0,Lander,Anderson (SC),2023-03-18,H,9,14,L,-5
2023,2,547001,547004.0,Lander,UAH,2023-03-25,H,17,9,W,8
2023,2,547001,546994.0,Lander,Montevallo,2023-04-01,A,14,9,W,5
2023,2,547001,546991.0,Lander,Young Harris,2023-04-07,H,22,8,W,14
2023,2,547001,547015.0,Lander,Flagler,2023-04-15,A,13,8,W,5
2023,2,547001,546964.0,Lander,Limestone,2023-04-20,H,9,18,L,-9
2023,2,547001,546990.0,Lander,Shorter,2023-04-22,A,23,3,W,20
2023,2,547001,547004.0,Lander,#4 UAH 2023 PBC MLA Tournament,2023-04-30,H,12,11,W,1
2023,2,547001,547015.0,Lander,#2 Flagler 2023 PBC MLA Tournament,2023-05-06,H,14,11,W,3
2023,2,546947,546949.0,Le Moyne,Mercy,2023-02-19,H,10,8,W,2
2023,2,546947,546961.0,Le Moyne,"Catawba @Baltimore, MD",2023-02-26,H,16,4,W,12
2023,2,546947,546946.0,Le Moyne,"UIndy @Rocky River, Ohio",2023-03-05,H,15,13,W,2
2023,2,546947,546989.0,Le Moyne,Roberts Wesleyan,2023-03-08,A,11,3,W,8
2023,2,546947,547007.0,Le Moyne,St. Anselm,2023-03-18,H,9,8,W,1
2023,2,546947,546952.0,Le Moyne,Southern N.H.,2023-03-25,A,13,9,W,4
2023,2,546947,546954.0,Le Moyne,Pace,2023-03-28,A,12,8,W,4
2023,2,546947,547009.0,Le Moyne,Saint Michael's,2023-04-01,H,14,6,W,8
2023,2,546947,547006.0,Le Moyne,Assumption,2023-04-08,A,11,3,W,8
2023,2,546947,546940.0,Le Moyne,Bentley,2023-04-11,H,12,10,W,2
2023,2,546947,547005.0,Le Moyne,American Int'l,2023-04-14,A,13,4,W,9
2023,2,546947,546970.0,Le Moyne,Saint Rose,2023-04-19,H,17,10,W,7
2023,2,546947,546945.0,Le Moyne,Franklin Pierce,2023-04-22,H,22,7,W,15
2023,2,546947,547003.0,Le Moyne,Adelphi,2023-04-25,A,10,9,W,1
2023,2,546947,547007.0,Le Moyne,#5 St. Anselm 2023 NE10 MLA Championship,2023-05-03,H,8,4,W,4
2023,2,546947,546940.0,Le Moyne,#2 Bentley 2023 NE10 MLA Championship,2023-05-06,H,12,8,W,4
2023,2,546947,547003.0,Le Moyne,#5 Adelphi 2023 NCAA DII MLA Championship,2023-05-14,H,11,7,W,4
2023,2,546947,546950.0,Le Moyne,#2 Mercyhurst 2023 NCAA DII MLA Championship,2023-05-21,H,10,11,L,-1
2023,2,546983,546965.0,Lees-McRae,Lincoln Memorial,2023-02-04,A,7,22,L,-15
2023,2,546983,546966.0,Lees-McRae,Mars Hill,2023-02-08,A,4,10,L,-6
2023,2,546983,550213.0,Lees-McRae,Malone,2023-02-11,H,14,15,L,-1
2023,2,546983,546956.0,Lees-McRae,Anderson (SC),2023-02-15,A,5,22,L,-17
2023,2,546983,546980.0,Lees-McRae,Colorado Mesa,2023-02-23,H,2,25,L,-23
2023,2,546983,546982.0,Lees-McRae,Tusculum,2023-03-01,H,6,14,L,-8
2023,2,546983,546994.0,Lees-McRae,Montevallo,2023-03-06,H,10,17,L,-7
2023,2,546983,546959.0,Lees-McRae,Lewis,2023-03-10,H,2,15,L,-13
2023,2,546983,546976.0,Lees-McRae,Chowan,2023-03-22,A,10,16,L,-6
2023,2,546983,546979.0,Lees-McRae,North Greenville,2023-03-29,H,1,21,L,-20
2023,2,546983,547002.0,Lees-McRae,Barton,2023-04-01,A,6,19,L,-13
2023,2,546983,546992.0,Lees-McRae,Emmanuel (GA),2023-04-08,A,4,8,L,-4
2023,2,546983,546967.0,Lees-McRae,Mount Olive,2023-04-15,H,3,13,L,-10
2023,2,546983,546973.0,Lees-McRae,Belmont Abbey,2023-04-20,H,6,16,L,-10
2023,2,546963,546948.0,Lenoir-Rhyne,Maryville (MO),2023-02-04,H,19,4,W,15
2023,2,546963,546979.0,Lenoir-Rhyne,North Greenville,2023-02-11,A,17,6,W,11
2023,2,546963,547010.0,Lenoir-Rhyne,"Tampa @Savannah, Ga.",2023-02-19,H,9,13,L,-4
2023,2,546963,546959.0,Lenoir-Rhyne,Lewis,2023-02-25,H,15,5,W,10
2023,2,546963,546966.0,Lenoir-Rhyne,Mars Hill,2023-03-01,H,21,2,W,19
2023,2,546963,546973.0,Lenoir-Rhyne,Belmont Abbey,2023-03-04,H,20,10,W,10
2023,2,546963,546943.0,Lenoir-Rhyne,"Florida Tech @Durham, NC",2023-03-11,H,20,11,W,9
2023,2,546963,546998.0,Lenoir-Rhyne,Newberry,2023-03-15,A,18,6,W,12
2023,2,546963,546961.0,Lenoir-Rhyne,Catawba,2023-03-18,H,20,7,W,13
2023,2,546963,546972.0,Lenoir-Rhyne,Wingate,2023-03-29,H,10,16,L,-6
2023,2,546963,546965.0,Lenoir-Rhyne,Lincoln Memorial,2023-04-01,A,19,6,W,13
2023,2,546963,546982.0,Lenoir-Rhyne,Tusculum,2023-04-08,H,21,4,W,17
2023,2,546963,546956.0,Lenoir-Rhyne,Anderson (SC),2023-04-12,A,17,7,W,10
2023,2,546963,546964.0,Lenoir-Rhyne,Limestone,2023-04-15,H,18,17,W,1
2023,2,546963,546962.0,Lenoir-Rhyne,Coker,2023-04-22,A,13,1,W,12
2023,2,546963,546998.0,Lenoir-Rhyne,"#3 Newberry @Matthews, NC (2023 SAC MLA Championship)",2023-04-29,H,17,8,W,9
2023,2,546963,546964.0,Lenoir-Rhyne,"#5 Limestone @Matthews, NC (2023 SAC MLA Championship)",2023-05-01,H,8,14,L,-6
2023,2,546963,547010.0,Lenoir-Rhyne,#4 Tampa 2023 NCAA DII MLA Championship,2023-05-10,A,10,9,W,1
2023,2,546963,546955.0,Lenoir-Rhyne,#1 Rollins 2023 NCAA DII MLA Championship,2023-05-14,A,14,8,W,6
2023,2,546963,546964.0,Lenoir-Rhyne,#2 Limestone 2023 NCAA DII MLA Championship,2023-05-21,A,18,11,W,7
2023,2,546963,546950.0,Lenoir-Rhyne,"#2 Mercyhurst @Philadelphia, PA (2023 NCAA DII MLA Championship)",2023-05-28,H,20,5,W,15
2023,2,546959,546975.0,Lewis,Lake Erie,2023-02-11,H,12,7,W,5
2023,2,546959,546989.0,Lewis,Roberts Wesleyan,2023-02-19,H,18,12,W,6
2023,2,546959,546963.0,Lewis,Lenoir-Rhyne,2023-02-25,A,5,15,L,-10
2023,2,546959,546979.0,Lewis,North Greenville,2023-03-04,A,16,8,W,8
2023,2,546959,546973.0,Lewis,Belmont Abbey,2023-03-08,A,14,8,W,6
2023,2,546959,546983.0,Lewis,Lees-McRae,2023-03-10,A,15,2,W,13
2023,2,546959,547004.0,Lewis,UAH,2023-03-18,H,6,8,L,-2
2023,2,546959,546946.0,Lewis,UIndy,2023-03-25,H,12,13,L,-1
2023,2,546959,546988.0,Lewis,Walsh,2023-04-01,A,14,9,W,5
2023,2,546959,546957.0,Lewis,Wheeling,2023-04-02,A,21,5,W,16
2023,2,546959,546969.0,Lewis,Rockhurst,2023-04-08,A,8,13,L,-5
2023,2,546959,547013.0,Lewis,Quincy,2023-04-15,H,19,10,W,9
2023,2,546959,546948.0,Lewis,Maryville (MO),2023-04-22,A,2,6,L,-4
2023,2,546959,546960.0,Lewis,Davenport,2023-04-25,A,17,9,W,8
2023,2,546959,546946.0,Lewis,#1 UIndy 2023 GLVC MLA Championship,2023-05-05,A,12,11,W,1
2023,2,546959,546969.0,Lewis,"#2 Rockhurst @Indianapolis, IN (2023 GLVC MLA Championship)",2023-05-07,H,8,9,L,-1
2023,2,546964,546996.0,Limestone,Embry-Riddle (FL),2023-02-04,H,16,10,W,6
2023,2,546964,547008.0,Limestone,Saint Leo,2023-02-11,A,17,15,W,2
2023,2,546964,546979.0,Limestone,North Greenville,2023-02-15,A,23,10,W,13
2023,2,546964,546955.0,Limestone,Rollins,2023-02-18,H,11,13,L,-2
2023,2,546964,546944.0,Limestone,Fla. Southern,2023-02-25,A,20,15,W,5
2023,2,546964,546972.0,Limestone,"Wingate @Charlotte, NC",2023-03-04,H,14,19,L,-5
2023,2,546964,546956.0,Limestone,Anderson (SC),2023-03-11,A,14,15,L,-1
2023,2,546964,546966.0,Limestone,Mars Hill,2023-03-15,A,16,4,W,12
2023,2,546964,546998.0,Limestone,Newberry,2023-03-18,H,13,11,W,2
2023,2,546964,546982.0,Limestone,Tusculum,2023-03-25,H,19,7,W,12
2023,2,546964,546962.0,Limestone,Coker,2023-04-01,A,19,4,W,15
2023,2,546964,546965.0,Limestone,Lincoln Memorial,2023-04-08,H,18,10,W,8
2023,2,546964,546961.0,Limestone,Catawba,2023-04-12,A,25,9,W,16
2023,2,546964,546963.0,Limestone,Lenoir-Rhyne,2023-04-15,A,17,18,L,-1
2023,2,546964,547001.0,Limestone,Lander,2023-04-20,A,18,9,W,9
2023,2,546964,546956.0,Limestone,#4 Anderson (SC) 2023 SAC MLA Championship,2023-04-25,A,20,10,W,10
2023,2,546964,546972.0,Limestone,"#1 Wingate @Matthews, NC (2023 SAC MLA Championship)",2023-04-29,H,22,15,W,7
2023,2,546964,546963.0,Limestone,"#2 Lenoir-Rhyne @Matthews, NC (2023 SAC MLA Championship)",2023-05-01,H,14,8,W,6
2023,2,546964,546973.0,Limestone,Belmont Abbey,2023-05-05,H,20,5,W,15
2023,2,546964,546946.0,Limestone,#6 UIndy 2023 NCAA DII MLA Championship,2023-05-14,H,11,10,W,1
2023,2,546964,546963.0,Limestone,#5 Lenoir-Rhyne 2023 NCAA DII MLA Championship,2023-05-21,H,11,18,L,-7
2023,2,546965,546983.0,Lincoln Memorial,Lees-McRae,2023-02-04,H,22,7,W,15
2023,2,546965,546948.0,Lincoln Memorial,Maryville (MO),2023-02-11,A,8,15,L,-7
2023,2,546965,547001.0,Lincoln Memorial,Lander,2023-02-18,H,9,13,L,-4
2023,2,546965,546991.0,Lincoln Memorial,Young Harris,2023-02-21,A,10,8,W,2
2023,2,546965,546992.0,Lincoln Memorial,Emmanuel (GA),2023-02-25,H,17,9,W,8
2023,2,546965,546998.0,Lincoln Memorial,Newberry,2023-03-04,A,8,15,L,-7
2023,2,546965,546976.0,Lincoln Memorial,Chowan,2023-03-11,A,15,10,W,5
2023,2,546965,546972.0,Lincoln Memorial,Wingate,2023-03-18,H,2,12,L,-10
2023,2,546965,546962.0,Lincoln Memorial,Coker,2023-03-25,H,9,5,W,4
2023,2,546965,546982.0,Lincoln Memorial,Tusculum,2023-03-29,A,17,10,W,7
2023,2,546965,546963.0,Lincoln Memorial,Lenoir-Rhyne,2023-04-01,H,6,19,L,-13
2023,2,546965,546964.0,Lincoln Memorial,Limestone,2023-04-08,A,10,18,L,-8
2023,2,546965,546966.0,Lincoln Memorial,Mars Hill,2023-04-12,H,12,7,W,5
2023,2,546965,546961.0,Lincoln Memorial,Catawba,2023-04-15,A,10,12,L,-2
2023,2,546965,546956.0,Lincoln Memorial,Anderson (SC),2023-04-22,H,5,13,L,-8
2023,2,546965,546998.0,Lincoln Memorial,#3 Newberry 2023 SAC MLA Championship,2023-04-25,A,9,20,L,-11
2023,2,546984,546998.0,Lynn,"Newberry @Jacksonville, FL",2023-02-18,H,13,15,L,-2
2023,2,546984,547003.0,Lynn,Adelphi,2023-02-20,H,6,15,L,-9
2023,2,546984,547015.0,Lynn,Flagler,2023-02-25,H,13,8,W,5
2023,2,546984,547174.0,Lynn,Farmingdale St.,2023-02-26,H,15,7,W,8
2023,2,546984,546977.0,Lynn,Dominican (NY),2023-03-01,H,24,4,W,20
2023,2,546984,546993.0,Lynn,Westminster (UT),2023-03-03,A,10,14,L,-4
2023,2,546984,546974.0,Lynn,"CSU Pueblo @Salt Lake City, UT",2023-03-04,H,15,8,W,7
2023,2,546984,546941.0,Lynn,Davis & Elkins,2023-03-09,H,25,7,W,18
2023,2,546984,546954.0,Lynn,"Pace @Baltimore, MD",2023-03-11,H,6,12,L,-6
2023,2,546984,546944.0,Lynn,Fla. Southern,2023-03-23,H,6,22,L,-16
2023,2,546984,546943.0,Lynn,Florida Tech,2023-04-01,A,12,13,L,-1
2023,2,546984,546996.0,Lynn,Embry-Riddle (FL),2023-04-05,H,15,8,W,7
2023,2,546984,546955.0,Lynn,Rollins,2023-04-08,H,8,12,L,-4
2023,2,546984,546995.0,Lynn,Palm Beach Atl.,2023-04-12,A,14,5,W,9
2023,2,546984,547010.0,Lynn,Tampa,2023-04-15,H,10,21,L,-11
2023,2,546984,547008.0,Lynn,Saint Leo,2023-04-22,A,10,20,L,-10
2023,2,550213,546983.0,Malone,Lees-McRae,2023-02-11,A,15,14,W,1
2023,2,550213,547013.0,Malone,Quincy,2023-02-18,H,11,17,L,-6
2023,2,550213,546999.0,Malone,Felician,2023-02-25,A,17,8,W,9
2023,2,550213,547033.0,Malone,Thiel,2023-03-01,A,21,9,W,12
2023,2,550213,547014.0,Malone,D'Youville,2023-03-04,H,18,17,W,1
2023,2,550213,547000.0,Malone,Frostburg St.,2023-03-08,A,8,24,L,-16
2023,2,550213,,Malone,Mt. Vernon Naz.,2023-03-15,H,15,11,W,4
2023,2,550213,546941.0,Malone,Davis & Elkins,2023-03-18,H,11,12,L,-1
2023,2,550213,546986.0,Malone,Seton Hill,2023-03-22,A,8,30,L,-22
2023,2,550213,553533.0,Malone,Thomas More,2023-03-29,A,10,9,W,1
2023,2,550213,546957.0,Malone,Wheeling,2023-04-01,H,14,17,L,-3
2023,2,550213,546988.0,Malone,Walsh,2023-04-12,A,6,22,L,-16
2023,2,550213,547012.0,Malone,Alderson Broaddus,2023-04-15,A,19,13,W,6
2023,2,550213,546950.0,Malone,Mercyhurst,2023-04-25,H,8,23,L,-15
2023,2,550213,546975.0,Malone,Lake Erie,2023-04-29,H,9,23,L,-14
2023,2,546966,546973.0,Mars Hill,Belmont Abbey,2023-02-04,H,5,10,L,-5
2023,2,546966,546983.0,Mars Hill,Lees-McRae,2023-02-08,H,10,4,W,6
2023,2,546966,546994.0,Mars Hill,Montevallo,2023-02-11,H,7,11,L,-4
2023,2,546966,547002.0,Mars Hill,Barton,2023-02-18,A,5,9,L,-4
2023,2,546966,546991.0,Mars Hill,Young Harris,2023-02-25,A,17,15,W,2
2023,2,546966,546963.0,Mars Hill,Lenoir-Rhyne,2023-03-01,A,2,21,L,-19
2023,2,546966,547004.0,Mars Hill,UAH,2023-03-05,H,13,14,L,-1
2023,2,546966,546961.0,Mars Hill,Catawba,2023-03-11,H,12,16,L,-4
2023,2,546966,546964.0,Mars Hill,Limestone,2023-03-15,H,4,16,L,-12
2023,2,546966,546962.0,Mars Hill,Coker,2023-03-18,A,7,9,L,-2
2023,2,546966,546972.0,Mars Hill,Wingate,2023-03-25,A,9,17,L,-8
2023,2,546966,,Mars Hill,Montreat,2023-03-29,H,19,6,W,13
2023,2,546966,546998.0,Mars Hill,Newberry,2023-04-01,H,8,15,L,-7
2023,2,546966,546965.0,Mars Hill,Lincoln Memorial,2023-04-12,A,7,12,L,-5
2023,2,546966,546956.0,Mars Hill,Anderson (SC),2023-04-15,A,16,20,L,-4
2023,2,546966,546982.0,Mars Hill,Tusculum,2023-04-22,H,15,13,W,2
2023,2,546948,546963.0,Maryville (MO),Lenoir-Rhyne,2023-02-04,A,4,19,L,-15
2023,2,546948,546965.0,Maryville (MO),Lincoln Memorial,2023-02-11,H,15,8,W,7
2023,2,546948,546988.0,Maryville (MO),Walsh,2023-02-18,H,17,6,W,11
2023,2,546948,546993.0,Maryville (MO),Westminster (UT),2023-02-24,H,12,11,W,1
2023,2,546948,546950.0,Maryville (MO),Mercyhurst,2023-03-05,A,9,13,L,-4
2023,2,546948,547004.0,Maryville (MO),UAH,2023-03-12,A,13,14,L,-1
2023,2,546948,546994.0,Maryville (MO),Montevallo,2023-03-14,A,14,6,W,8
2023,2,546948,546974.0,Maryville (MO),CSU Pueblo,2023-03-18,H,12,5,W,7
2023,2,546948,546969.0,Maryville (MO),Rockhurst,2023-03-25,H,8,9,L,-1
2023,2,546948,547013.0,Maryville (MO),Quincy,2023-04-01,H,14,7,W,7
2023,2,546948,546946.0,Maryville (MO),UIndy,2023-04-08,A,11,15,L,-4
2023,2,546948,546960.0,Maryville (MO),Davenport,2023-04-15,A,16,7,W,9
2023,2,546948,546959.0,Maryville (MO),Lewis,2023-04-22,H,6,2,W,4
2023,2,546948,546969.0,Maryville (MO),"#2 Rockhurst @Indianapolis, IN (2023 GLVC MLA Championship)",2023-05-05,H,9,14,L,-5
2023,2,546949,546977.0,Mercy,Dominican (NY),2023-02-11,A,23,1,W,22
2023,2,546949,546970.0,Mercy,Saint Rose,2023-02-15,A,21,12,W,9
2023,2,546949,546947.0,Mercy,Le Moyne,2023-02-19,A,8,10,L,-2
2023,2,546949,546978.0,Mercy,Georgian Court,2023-02-22,A,18,8,W,10
2023,2,546949,546986.0,Mercy,Seton Hill,2023-03-04,H,18,15,W,3
2023,2,546949,546997.0,Mercy,Wilmington (DE),2023-03-11,H,19,9,W,10
2023,2,546949,546989.0,Mercy,Roberts Wesleyan,2023-03-19,H,21,14,W,7
2023,2,546949,546940.0,Mercy,Bentley,2023-03-22,H,14,12,W,2
2023,2,546949,547014.0,Mercy,D'Youville,2023-03-26,A,26,2,W,24
2023,2,546949,546950.0,Mercy,Mercyhurst,2023-04-01,A,10,16,L,-6
2023,2,546949,547000.0,Mercy,Frostburg St.,2023-04-07,H,9,7,W,2
2023,2,546949,546942.0,Mercy,Dist. Columbia,2023-04-15,A,24,3,W,21
2023,2,546949,547003.0,Mercy,Adelphi,2023-04-19,H,12,14,L,-2
2023,2,546949,546971.0,Mercy,St. Thomas Aquinas,2023-04-23,A,17,4,W,13
2023,2,546949,546951.0,Mercy,Molloy,2023-04-27,H,24,10,W,14
2023,2,546949,546951.0,Mercy,#4 Molloy 2023 ECC MLA Championship,2023-05-03,H,19,9,W,10
2023,2,546949,547000.0,Mercy,#2 Frostburg St. 2023 ECC MLA Championship,2023-05-06,H,15,9,W,6
2023,2,546949,547007.0,Mercy,#6 St. Anselm 2023 NCAA DII MLA Championship,2023-05-10,H,16,17,L,-1
2023,2,546950,546972.0,Mercyhurst,Wingate,2023-02-11,A,16,13,W,3
2023,2,546950,546997.0,Mercyhurst,Wilmington (DE),2023-02-25,A,15,8,W,7
2023,2,546950,546948.0,Mercyhurst,Maryville (MO),2023-03-05,H,13,9,W,4
2023,2,546950,546985.0,Mercyhurst,Chestnut Hill,2023-03-11,H,11,2,W,9
2023,2,546950,546946.0,Mercyhurst,UIndy,2023-03-18,H,6,9,L,-3
2023,2,546950,547012.0,Mercyhurst,Alderson Broaddus,2023-03-27,H,28,1,W,27
2023,2,546950,546949.0,Mercyhurst,Mercy,2023-04-01,H,16,10,W,6
2023,2,546950,546988.0,Mercyhurst,Walsh,2023-04-04,H,15,6,W,9
2023,2,546950,546941.0,Mercyhurst,Davis & Elkins,2023-04-07,H,26,7,W,19
2023,2,546950,546986.0,Mercyhurst,Seton Hill,2023-04-15,A,8,11,L,-3
2023,2,546950,546975.0,Mercyhurst,Lake Erie,2023-04-19,A,14,12,W,2
2023,2,546950,547000.0,Mercyhurst,Frostburg St.,2023-04-22,H,21,10,W,11
2023,2,546950,550213.0,Mercyhurst,Malone,2023-04-25,A,23,8,W,15
2023,2,546950,546957.0,Mercyhurst,Wheeling,2023-04-29,A,21,6,W,15
2023,2,546950,546975.0,Mercyhurst,#3 Lake Erie 2023 G-MAC MLA Championship,2023-05-03,H,22,8,W,14
2023,2,546950,546986.0,Mercyhurst,#1 Seton Hill 2023 G-MAC MLA Championship,2023-05-06,A,11,9,W,2
2023,2,546950,547007.0,Mercyhurst,#6 St. Anselm 2023 NCAA DII MLA Championship,2023-05-14,H,10,9,W,1
2023,2,546950,546947.0,Mercyhurst,#1 Le Moyne 2023 NCAA DII MLA Championship,2023-05-21,A,11,10,W,1
2023,2,546950,546963.0,Mercyhurst,"#5 Lenoir-Rhyne @Philadelphia, PA (2023 NCAA DII MLA Championship)",2023-05-28,H,5,20,L,-15
2023,2,546951,546945.0,Molloy,Franklin Pierce,2023-02-22,H,12,8,W,4
2023,2,546951,546988.0,Molloy,Walsh,2023-02-25,H,9,4,W,5
2023,2,546951,546954.0,Molloy,Pace,2023-03-01,A,6,13,L,-7
2023,2,546951,546952.0,Molloy,Southern N.H.,2023-03-04,H,10,11,L,-1
2023,2,546951,546978.0,Molloy,Georgian Court,2023-03-07,H,11,9,W,2
2023,2,546951,551553.0,Molloy,Bridgeport,2023-03-11,A,13,3,W,10
2023,2,546951,546985.0,Molloy,Chestnut Hill,2023-03-15,H,9,10,L,-1
2023,2,546951,547014.0,Molloy,D'Youville,2023-03-18,H,26,5,W,21
2023,2,546951,546968.0,Molloy,Post,2023-03-21,A,13,12,W,1
2023,2,546951,546986.0,Molloy,Seton Hill,2023-03-25,A,4,11,L,-7
2023,2,546951,546971.0,Molloy,St. Thomas Aquinas,2023-04-01,H,11,7,W,4
2023,2,546951,546989.0,Molloy,Roberts Wesleyan,2023-04-08,A,12,13,L,-1
2023,2,546951,547003.0,Molloy,Adelphi,2023-04-12,A,7,11,L,-4
2023,2,546951,547000.0,Molloy,Frostburg St.,2023-04-15,A,15,14,W,1
2023,2,546951,547006.0,Molloy,Assumption,2023-04-19,H,6,14,L,-8
2023,2,546951,546942.0,Molloy,Dist. Columbia,2023-04-22,H,30,4,W,26
2023,2,546951,546949.0,Molloy,Mercy,2023-04-27,A,10,24,L,-14
2023,2,546951,546949.0,Molloy,#1 Mercy 2023 ECC MLA Championship,2023-05-03,A,9,19,L,-10
2023,2,546994,546944.0,Montevallo,Fla. Southern,2023-02-05,H,4,23,L,-19
2023,2,546994,546966.0,Montevallo,Mars Hill,2023-02-11,A,11,7,W,4
2023,2,546994,546996.0,Montevallo,Embry-Riddle (FL),2023-02-17,H,15,18,L,-3
2023,2,546994,547008.0,Montevallo,Saint Leo,2023-02-19,H,17,9,W,8
2023,2,546994,546946.0,Montevallo,UIndy,2023-02-25,A,4,12,L,-8
2023,2,546994,546960.0,Montevallo,Davenport,2023-02-28,H,9,8,W,1
2023,2,546994,546961.0,Montevallo,Catawba,2023-03-04,A,10,8,W,2
2023,2,546994,546983.0,Montevallo,Lees-McRae,2023-03-06,A,17,10,W,7
2023,2,546994,547013.0,Montevallo,Quincy,2023-03-11,H,13,11,W,2
2023,2,546994,546948.0,Montevallo,Maryville (MO),2023-03-14,H,6,14,L,-8
2023,2,546994,546969.0,Montevallo,Rockhurst,2023-03-16,H,12,9,W,3
2023,2,546994,547015.0,Montevallo,Flagler,2023-03-25,A,9,15,L,-6
2023,2,546994,547001.0,Montevallo,Lander,2023-04-01,H,9,14,L,-5
2023,2,546994,547004.0,Montevallo,UAH,2023-04-08,A,12,11,W,1
2023,2,546994,546990.0,Montevallo,Shorter,2023-04-15,H,26,6,W,20
2023,2,546994,546991.0,Montevallo,Young Harris,2023-04-22,H,22,8,W,14
2023,2,546994,546990.0,Montevallo,"#6 Shorter @St. Augustine, FL (2023 PBC MLA Tournament)",2023-04-28,H,26,8,W,18
2023,2,546994,547015.0,Montevallo,#2 Flagler 2023 PBC MLA Tournament,2023-04-30,A,13,15,L,-2
2023,2,546967,547001.0,Mount Olive,Lander,2023-02-04,H,7,11,L,-4
2023,2,546967,546961.0,Mount Olive,Catawba,2023-02-11,A,9,6,W,3
2023,2,546967,546972.0,Mount Olive,Wingate,2023-02-18,H,10,19,L,-9
2023,2,546967,546998.0,Mount Olive,Newberry,2023-02-23,A,12,18,L,-6
2023,2,546967,546980.0,Mount Olive,Colorado Mesa,2023-02-28,H,8,19,L,-11
2023,2,546967,547015.0,Mount Olive,Flagler,2023-03-07,A,11,14,L,-3
2023,2,546967,546986.0,Mount Olive,Seton Hill,2023-03-18,H,8,6,W,2
2023,2,546967,546992.0,Mount Olive,Emmanuel (GA),2023-03-25,A,14,8,W,6
2023,2,546967,547002.0,Mount Olive,Barton,2023-03-29,H,14,9,W,5
2023,2,546967,546973.0,Mount Olive,Belmont Abbey,2023-04-01,A,7,8,L,-1
2023,2,546967,546979.0,Mount Olive,North Greenville,2023-04-08,H,4,8,L,-4
2023,2,546967,546983.0,Mount Olive,Lees-McRae,2023-04-15,A,13,3,W,10
2023,2,546967,546976.0,Mount Olive,Chowan,2023-04-20,H,11,9,W,2
2023,2,546967,546992.0,Mount Olive,#6 Emmanuel (GA) 2023 Conference Carolinas MLA Championship,2023-04-24,H,22,4,W,18
2023,2,546967,546979.0,Mount Olive,#2 North Greenville 2023 Conference Carolinas MLA Championship,2023-04-27,H,15,17,L,-2
2023,2,546998,546991.0,Newberry,Young Harris,2023-02-08,H,19,10,W,9
2023,2,546998,546973.0,Newberry,Belmont Abbey,2023-02-11,A,16,15,W,1
2023,2,546998,546984.0,Newberry,"Lynn @Jacksonville, FL",2023-02-18,H,15,13,W,2
2023,2,546998,546967.0,Newberry,Mount Olive,2023-02-23,H,18,12,W,6
2023,2,546998,546955.0,Newberry,Rollins,2023-02-26,H,12,22,L,-10
2023,2,546998,546965.0,Newberry,Lincoln Memorial,2023-03-04,H,15,8,W,7
2023,2,546998,546972.0,Newberry,Wingate,2023-03-11,A,14,16,L,-2
2023,2,546998,546963.0,Newberry,Lenoir-Rhyne,2023-03-15,H,6,18,L,-12
2023,2,546998,546964.0,Newberry,Limestone,2023-03-18,A,11,13,L,-2
2023,2,546998,546956.0,Newberry,Anderson (SC),2023-03-29,H,17,12,W,5
2023,2,546998,546966.0,Newberry,Mars Hill,2023-04-01,A,15,8,W,7
2023,2,546998,546961.0,Newberry,Catawba,2023-04-08,H,13,7,W,6
2023,2,546998,546962.0,Newberry,Coker,2023-04-12,A,20,5,W,15
2023,2,546998,546982.0,Newberry,Tusculum,2023-04-15,A,22,14,W,8
2023,2,546998,546965.0,Newberry,#6 Lincoln Memorial 2023 SAC MLA Championship,2023-04-25,H,20,9,W,11
2023,2,546998,546963.0,Newberry,"#2 Lenoir-Rhyne @Matthews, NC (2023 SAC MLA Championship)",2023-04-29,H,8,17,L,-9
2023,2,546979,546991.0,North Greenville,Young Harris,2023-02-04,A,19,10,W,9
2023,2,546979,546963.0,North Greenville,Lenoir-Rhyne,2023-02-11,H,6,17,L,-11
2023,2,546979,546964.0,North Greenville,Limestone,2023-02-15,H,10,23,L,-13
2023,2,546979,546962.0,North Greenville,Coker,2023-02-18,A,13,12,W,1
2023,2,546979,547001.0,North Greenville,Lander,2023-02-25,A,7,9,L,-2
2023,2,546979,546959.0,North Greenville,Lewis,2023-03-04,H,8,16,L,-8
2023,2,546979,546986.0,North Greenville,Seton Hill,2023-03-11,A,4,22,L,-18
2023,2,546979,547012.0,North Greenville,Alderson Broaddus,2023-03-13,A,24,1,W,23
2023,2,546979,546973.0,North Greenville,Belmont Abbey,2023-03-18,H,6,14,L,-8
2023,2,546979,546976.0,North Greenville,Chowan,2023-03-25,H,17,9,W,8
2023,2,546979,546983.0,North Greenville,Lees-McRae,2023-03-29,A,21,1,W,20
2023,2,546979,546956.0,North Greenville,Anderson (SC),2023-04-01,H,10,5,W,5
2023,2,546979,546967.0,North Greenville,Mount Olive,2023-04-08,A,8,4,W,4
2023,2,546979,547002.0,North Greenville,Barton,2023-04-15,H,15,12,W,3
2023,2,546979,546992.0,North Greenville,Emmanuel (GA),2023-04-20,A,19,8,W,11
2023,2,546979,546967.0,North Greenville,#3 Mount Olive 2023 Conference Carolinas MLA Championship,2023-04-27,A,17,15,W,2
2023,2,546979,547002.0,North Greenville,"#4 Barton @Mount Olive, NC (2023 Conference Carolinas MLA Championship)",2023-04-29,H,8,9,L,-1
2023,2,546954,546951.0,Pace,Molloy,2023-03-01,H,13,6,W,7
2023,2,546954,546997.0,Pace,Wilmington (DE),2023-03-04,A,18,8,W,10
2023,2,546954,546984.0,Pace,"Lynn @Baltimore, MD",2023-03-11,H,12,6,W,6
2023,2,546954,547009.0,Pace,Saint Michael's,2023-03-15,H,16,11,W,5
2023,2,546954,546978.0,Pace,Georgian Court,2023-03-18,H,16,5,W,11
2023,2,546954,547005.0,Pace,American Int'l,2023-03-25,A,12,3,W,9
2023,2,546954,546947.0,Pace,Le Moyne,2023-03-28,H,8,12,L,-4
2023,2,546954,546952.0,Pace,Southern N.H.,2023-04-01,A,12,11,W,1
2023,2,546954,547003.0,Pace,Adelphi,2023-04-05,A,7,18,L,-11
2023,2,546954,546945.0,Pace,Franklin Pierce,2023-04-08,H,18,9,W,9
2023,2,546954,547006.0,Pace,Assumption,2023-04-11,A,20,14,W,6
2023,2,546954,546940.0,Pace,Bentley,2023-04-15,H,10,11,L,-1
2023,2,546954,547007.0,Pace,St. Anselm,2023-04-19,H,10,9,W,1
2023,2,546954,546970.0,Pace,Saint Rose,2023-04-22,A,10,9,W,1
2023,2,546954,547007.0,Pace,#5 St. Anselm 2023 NE10 MLA Championship,2023-04-29,H,12,15,L,-3
2023,2,546995,547015.0,Palm Beach Atl.,Flagler,2023-02-10,A,10,18,L,-8
2023,2,546995,547003.0,Palm Beach Atl.,Adelphi,2023-02-17,H,10,21,L,-11
2023,2,546995,547008.0,Palm Beach Atl.,Saint Leo,2023-02-25,H,8,23,L,-15
2023,2,546995,547002.0,Palm Beach Atl.,Barton,2023-03-04,H,12,17,L,-5
2023,2,546995,546941.0,Palm Beach Atl.,Davis & Elkins,2023-03-07,H,22,5,W,17
2023,2,546995,547010.0,Palm Beach Atl.,Tampa,2023-03-11,A,4,19,L,-15
2023,2,546995,547013.0,Palm Beach Atl.,Quincy,2023-03-17,H,23,12,W,11
2023,2,546995,546980.0,Palm Beach Atl.,Colorado Mesa,2023-03-22,H,8,15,L,-7
2023,2,546995,547008.0,Palm Beach Atl.,Saint Leo,2023-04-01,A,7,23,L,-16
2023,2,546995,546943.0,Palm Beach Atl.,Florida Tech,2023-04-08,A,11,17,L,-6
2023,2,546995,546984.0,Palm Beach Atl.,Lynn,2023-04-12,H,5,14,L,-9
2023,2,546995,546996.0,Palm Beach Atl.,Embry-Riddle (FL),2023-04-15,A,9,17,L,-8
2023,2,546995,546955.0,Palm Beach Atl.,Rollins,2023-04-19,H,10,17,L,-7
2023,2,546995,546944.0,Palm Beach Atl.,Fla. Southern,2023-04-22,H,11,21,L,-10
2023,2,546968,547009.0,Post,Saint Michael's,2023-02-17,H,10,15,L,-5
2023,2,546968,547014.0,Post,D'Youville,2023-02-19,H,19,9,W,10
2023,2,546968,547012.0,Post,"Alderson Broaddus @Sparks Glencoe, MD",2023-02-25,H,24,7,W,17
2023,2,546968,546970.0,Post,Saint Rose,2023-03-03,H,15,16,L,-1
2023,2,546968,546971.0,Post,St. Thomas Aquinas,2023-03-08,H,9,7,W,2
2023,2,546968,547005.0,Post,American Int'l,2023-03-11,A,13,6,W,7
2023,2,546968,546951.0,Post,Molloy,2023-03-21,H,12,13,L,-1
2023,2,546968,551553.0,Post,Bridgeport,2023-03-26,H,15,6,W,9
2023,2,546968,546978.0,Post,Georgian Court,2023-04-01,A,11,21,L,-10
2023,2,546968,546977.0,Post,Dominican (NY),2023-04-05,H,18,7,W,11
2023,2,546968,546958.0,Post,Caldwell,2023-04-11,H,21,6,W,15
2023,2,546968,546985.0,Post,Chestnut Hill,2023-04-22,A,11,9,W,2
2023,2,546968,546997.0,Post,Wilmington (DE),2023-04-26,A,14,24,L,-10
2023,2,546968,546999.0,Post,Felician,2023-04-28,H,19,5,W,14
2023,2,546968,546977.0,Post,#5 Dominican (NY) 2023 CACC MLA Championship,2023-05-01,H,12,10,W,2
2023,2,546968,546978.0,Post,#1 Georgian Court 2023 CACC MLA Championship,2023-05-05,H,14,16,L,-2
2023,2,547013,546975.0,Quincy,"Lake Erie @Romeoville, IL",2023-02-12,H,18,15,W,3
2023,2,547013,546969.0,Quincy,Rockhurst,2023-02-14,H,5,6,L,-1
2023,2,547013,546957.0,Quincy,Wheeling,2023-02-17,A,13,7,W,6
2023,2,547013,550213.0,Quincy,Malone,2023-02-18,A,17,11,W,6
2023,2,547013,547131.0,Quincy,Monmouth (IL),2023-03-01,H,30,5,W,25
2023,2,547013,546980.0,Quincy,"Colorado Mesa @Kansas City, MO",2023-03-04,H,7,21,L,-14
2023,2,547013,547224.0,Quincy,Cornell College,2023-03-08,H,20,4,W,16
2023,2,547013,546994.0,Quincy,Montevallo,2023-03-11,A,11,13,L,-2
2023,2,547013,547015.0,Quincy,Flagler,2023-03-14,A,12,11,W,1
2023,2,547013,546995.0,Quincy,Palm Beach Atl.,2023-03-17,A,12,23,L,-11
2023,2,547013,546974.0,Quincy,CSU Pueblo,2023-03-20,H,13,8,W,5
2023,2,547013,547011.0,Quincy,Adams St.,2023-03-22,H,13,6,W,7
2023,2,547013,546948.0,Quincy,Maryville (MO),2023-04-01,A,7,14,L,-7
2023,2,547013,546959.0,Quincy,Lewis,2023-04-15,A,10,19,L,-9
2023,2,547013,546960.0,Quincy,Davenport,2023-04-22,H,10,15,L,-5
2023,2,547013,546969.0,Quincy,Rockhurst,2023-04-25,A,6,13,L,-7
2023,2,547013,546946.0,Quincy,UIndy,2023-04-29,H,4,18,L,-14
2023,2,546989,546957.0,Roberts Wesleyan,Wheeling,2023-02-11,A,20,10,W,10
2023,2,546989,546959.0,Roberts Wesleyan,Lewis,2023-02-19,A,12,18,L,-6
2023,2,546989,546960.0,Roberts Wesleyan,Davenport,2023-02-21,A,17,14,W,3
2023,2,546989,546941.0,Roberts Wesleyan,Davis & Elkins,2023-02-25,A,22,10,W,12
2023,2,546989,547006.0,Roberts Wesleyan,Assumption,2023-03-04,H,10,7,W,3
2023,2,546989,546947.0,Roberts Wesleyan,Le Moyne,2023-03-08,H,3,11,L,-8
2023,2,546989,546970.0,Roberts Wesleyan,Saint Rose,2023-03-11,A,17,8,W,9
2023,2,546989,546949.0,Roberts Wesleyan,Mercy,2023-03-19,A,14,21,L,-7
2023,2,546989,546971.0,Roberts Wesleyan,St. Thomas Aquinas,2023-03-25,A,23,8,W,15
2023,2,546989,546942.0,Roberts Wesleyan,Dist. Columbia,2023-04-01,H,27,2,W,25
2023,2,546989,546951.0,Roberts Wesleyan,Molloy,2023-04-08,H,13,12,W,1
2023,2,546989,547014.0,Roberts Wesleyan,D'Youville,2023-04-19,H,24,4,W,20
2023,2,546989,547000.0,Roberts Wesleyan,Frostburg St.,2023-04-29,A,16,18,L,-2
2023,2,546989,547000.0,Roberts Wesleyan,#2 Frostburg St. 2023 ECC MLA Championship,2023-05-03,A,13,21,L,-8
2023,2,546969,546974.0,Rockhurst,CSU Pueblo,2023-02-10,H,22,6,W,16
2023,2,546969,547013.0,Rockhurst,Quincy,2023-02-14,A,6,5,W,1
2023,2,546969,,Rockhurst,Indiana Tech,2023-02-18,A,17,5,W,12
2023,2,546969,546957.0,Rockhurst,Wheeling,2023-02-19,A,11,6,W,5
2023,2,546969,546993.0,Rockhurst,"Westminster (UT) @St. Louis, MO",2023-02-26,H,9,10,L,-1
2023,2,546969,546980.0,Rockhurst,Colorado Mesa,2023-03-03,H,6,16,L,-10
2023,2,546969,547004.0,Rockhurst,UAH,2023-03-14,A,13,6,W,7
2023,2,546969,546994.0,Rockhurst,Montevallo,2023-03-16,A,9,12,L,-3
2023,2,546969,546948.0,Rockhurst,Maryville (MO),2023-03-25,A,9,8,W,1
2023,2,546969,546959.0,Rockhurst,Lewis,2023-04-08,H,13,8,W,5
2023,2,546969,546946.0,Rockhurst,UIndy,2023-04-15,H,6,15,L,-9
2023,2,546969,547013.0,Rockhurst,Quincy,2023-04-25,H,13,6,W,7
2023,2,546969,546960.0,Rockhurst,Davenport,2023-04-29,A,10,12,L,-2
2023,2,546969,546948.0,Rockhurst,"#3 Maryville (MO) @Indianapolis, IN (2023 GLVC MLA Championship)",2023-05-05,H,14,9,W,5
2023,2,546969,546959.0,Rockhurst,"#4 Lewis @Indianapolis, IN (2023 GLVC MLA Championship)",2023-05-07,H,9,8,W,1
2023,2,546955,546964.0,Rollins,Limestone,2023-02-18,A,13,11,W,2
2023,2,546955,546956.0,Rollins,Anderson (SC),2023-02-24,A,17,10,W,7
2023,2,546955,546998.0,Rollins,Newberry,2023-02-26,A,22,12,W,10
2023,2,546955,547015.0,Rollins,Flagler,2023-03-04,H,17,6,W,11
2023,2,546955,547002.0,Rollins,Barton,2023-03-06,H,11,10,W,1
2023,2,546955,546980.0,Rollins,"Colorado Mesa @Salt Lake City, UT",2023-03-11,H,10,15,L,-5
2023,2,546955,546993.0,Rollins,Westminster (UT),2023-03-13,A,21,11,W,10
2023,2,546955,546996.0,Rollins,Embry-Riddle (FL),2023-03-25,A,15,5,W,10
2023,2,546955,547010.0,Rollins,Tampa,2023-04-01,H,12,6,W,6
2023,2,546955,546984.0,Rollins,Lynn,2023-04-08,A,12,8,W,4
2023,2,546955,546944.0,Rollins,Fla. Southern,2023-04-12,H,14,6,W,8
2023,2,546955,547008.0,Rollins,Saint Leo,2023-04-15,H,24,14,W,10
2023,2,546955,546995.0,Rollins,Palm Beach Atl.,2023-04-19,A,17,10,W,7
2023,2,546955,546943.0,Rollins,Florida Tech,2023-04-22,A,15,12,W,3
2023,2,546955,547008.0,Rollins,Saint Leo,2023-04-27,H,17,9,W,8
2023,2,546955,546944.0,Rollins,Fla. Southern,2023-04-30,H,13,7,W,6
2023,2,546955,546963.0,Rollins,#5 Lenoir-Rhyne 2023 NCAA DII MLA Championship,2023-05-14,H,8,14,L,-6
2023,2,547008,546964.0,Saint Leo,Limestone,2023-02-11,H,15,17,L,-2
2023,2,547008,547004.0,Saint Leo,UAH,2023-02-17,A,12,15,L,-3
2023,2,547008,546994.0,Saint Leo,Montevallo,2023-02-19,A,9,17,L,-8
2023,2,547008,546995.0,Saint Leo,Palm Beach Atl.,2023-02-25,A,23,8,W,15
2023,2,547008,546941.0,Saint Leo,Davis & Elkins,2023-03-05,H,21,4,W,17
2023,2,547008,546991.0,Saint Leo,Young Harris,2023-03-08,H,19,6,W,13
2023,2,547008,547015.0,Saint Leo,Flagler,2023-03-11,A,13,11,W,2
2023,2,547008,546990.0,Saint Leo,Shorter,2023-03-15,A,26,6,W,20
2023,2,547008,546943.0,Saint Leo,Florida Tech,2023-03-25,H,16,8,W,8
2023,2,547008,546995.0,Saint Leo,Palm Beach Atl.,2023-04-01,H,23,7,W,16
2023,2,547008,546944.0,Saint Leo,Fla. Southern,2023-04-05,A,10,21,L,-11
2023,2,547008,546996.0,Saint Leo,Embry-Riddle (FL),2023-04-08,H,17,10,W,7
2023,2,547008,547010.0,Saint Leo,Tampa,2023-04-12,A,10,20,L,-10
2023,2,547008,546955.0,Saint Leo,Rollins,2023-04-15,A,14,24,L,-10
2023,2,547008,546984.0,Saint Leo,Lynn,2023-04-22,H,20,10,W,10
2023,2,547008,546955.0,Saint Leo,Rollins,2023-04-27,A,9,17,L,-8
2023,2,547009,546968.0,Saint Michael's,Post,2023-02-17,A,15,10,W,5
2023,2,547009,546975.0,Saint Michael's,Lake Erie,2023-03-12,A,18,9,W,9
2023,2,547009,546954.0,Saint Michael's,Pace,2023-03-15,A,11,16,L,-5
2023,2,547009,551553.0,Saint Michael's,Bridgeport,2023-03-18,H,25,6,W,19
2023,2,547009,547006.0,Saint Michael's,Assumption,2023-03-25,H,14,12,W,2
2023,2,547009,546947.0,Saint Michael's,Le Moyne,2023-04-01,A,6,14,L,-8
2023,2,547009,546970.0,Saint Michael's,Saint Rose,2023-04-05,H,9,16,L,-7
2023,2,547009,547003.0,Saint Michael's,Adelphi,2023-04-08,H,7,12,L,-5
2023,2,547009,546945.0,Saint Michael's,Franklin Pierce,2023-04-11,A,14,11,W,3
2023,2,547009,547007.0,Saint Michael's,St. Anselm,2023-04-15,H,11,17,L,-6
2023,2,547009,546940.0,Saint Michael's,Bentley,2023-04-19,A,5,20,L,-15
2023,2,547009,546952.0,Saint Michael's,Southern N.H.,2023-04-22,A,9,10,L,-1
2023,2,547009,547005.0,Saint Michael's,American Int'l,2023-04-25,H,17,10,W,7
2023,2,546970,546949.0,Saint Rose,Mercy,2023-02-15,H,12,21,L,-9
2023,2,546970,547000.0,Saint Rose,"Frostburg St. @Baltimore, MD",2023-02-22,H,10,11,L,-1
2023,2,546970,546978.0,Saint Rose,Georgian Court,2023-02-25,A,10,11,L,-1
2023,2,546970,547007.0,Saint Rose,St. Anselm,2023-03-01,A,8,16,L,-8
2023,2,546970,546968.0,Saint Rose,Post,2023-03-03,A,16,15,W,1
2023,2,546970,546985.0,Saint Rose,Chestnut Hill,2023-03-07,A,9,10,L,-1
2023,2,546970,546989.0,Saint Rose,Roberts Wesleyan,2023-03-11,H,8,17,L,-9
2023,2,546970,546940.0,Saint Rose,Bentley,2023-03-18,A,13,15,L,-2
2023,2,546970,546977.0,Saint Rose,Dominican (NY),2023-03-22,H,15,6,W,9
2023,2,546970,547003.0,Saint Rose,Adelphi,2023-03-28,H,16,20,L,-4
2023,2,546970,547005.0,Saint Rose,American Int'l,2023-04-01,H,15,6,W,9
2023,2,546970,547009.0,Saint Rose,Saint Michael's,2023-04-05,A,16,9,W,7
2023,2,546970,546952.0,Saint Rose,Southern N.H.,2023-04-12,H,10,18,L,-8
2023,2,546970,547006.0,Saint Rose,Assumption,2023-04-15,H,23,12,W,11
2023,2,546970,546947.0,Saint Rose,Le Moyne,2023-04-19,A,10,17,L,-7
2023,2,546970,546954.0,Saint Rose,Pace,2023-04-22,H,9,10,L,-1
2023,2,546970,546945.0,Saint Rose,Franklin Pierce,2023-04-25,A,12,13,L,-1
2023,2,546986,547012.0,Seton Hill,Alderson Broaddus,2023-02-10,A,25,4,W,21
2023,2,546986,546946.0,Seton Hill,UIndy,2023-02-18,H,16,17,L,-1
2023,2,546986,546985.0,Seton Hill,Chestnut Hill,2023-02-25,A,7,4,W,3
2023,2,546986,546949.0,Seton Hill,Mercy,2023-03-04,A,15,18,L,-3
2023,2,546986,546979.0,Seton Hill,North Greenville,2023-03-11,H,22,4,W,18
2023,2,546986,546967.0,Seton Hill,Mount Olive,2023-03-18,A,6,8,L,-2
2023,2,546986,550213.0,Seton Hill,Malone,2023-03-22,H,30,8,W,22
2023,2,546986,546951.0,Seton Hill,Molloy,2023-03-25,H,11,4,W,7
2023,2,546986,547000.0,Seton Hill,Frostburg St.,2023-03-28,H,14,13,W,1
2023,2,546986,546975.0,Seton Hill,Lake Erie,2023-04-01,A,13,10,W,3
2023,2,546986,546957.0,Seton Hill,Wheeling,2023-04-08,A,22,8,W,14
2023,2,546986,546950.0,Seton Hill,Mercyhurst,2023-04-15,H,11,8,W,3
2023,2,546986,547010.0,Seton Hill,"Tampa @Sparks, MD",2023-04-22,H,8,10,L,-2
2023,2,546986,546988.0,Seton Hill,Walsh,2023-04-26,A,13,5,W,8
2023,2,546986,546941.0,Seton Hill,Davis & Elkins,2023-04-29,H,31,7,W,24
2023,2,546986,546988.0,Seton Hill,#4 Walsh 2023 G-MAC MLA Championship,2023-05-03,H,19,6,W,13
2023,2,546986,546950.0,Seton Hill,#2 Mercyhurst 2023 G-MAC MLA Championship,2023-05-06,H,9,11,L,-2
2023,2,546990,547094.0,Shorter,Oglethorpe,2023-02-01,H,10,11,L,-1
2023,2,546990,,Shorter,Tenn. Wesleyan,2023-02-04,A,8,14,L,-6
2023,2,546990,546941.0,Shorter,Davis & Elkins,2023-02-09,H,15,11,W,4
2023,2,546990,546976.0,Shorter,Chowan,2023-02-18,H,16,25,L,-9
2023,2,546990,546992.0,Shorter,Emmanuel (GA),2023-03-01,A,10,13,L,-3
2023,2,546990,547012.0,Shorter,Alderson Broaddus,2023-03-11,H,16,5,W,11
2023,2,546990,547008.0,Shorter,Saint Leo,2023-03-15,H,6,26,L,-20
2023,2,546990,546962.0,Shorter,Coker,2023-03-22,A,4,16,L,-12
2023,2,546990,546991.0,Shorter,Young Harris,2023-03-25,H,11,17,L,-6
2023,2,546990,547004.0,Shorter,UAH,2023-04-01,H,9,23,L,-14
2023,2,546990,547260.0,Shorter,Warren Wilson,2023-04-03,H,23,8,W,15
2023,2,546990,547015.0,Shorter,Flagler,2023-04-08,A,6,24,L,-18
2023,2,546990,546994.0,Shorter,Montevallo,2023-04-15,A,6,26,L,-20
2023,2,546990,547001.0,Shorter,Lander,2023-04-22,H,3,23,L,-20
2023,2,546990,546994.0,Shorter,"#3 Montevallo @St. Augustine, FL (2023 PBC MLA Tournament)",2023-04-28,H,8,26,L,-18
2023,2,546952,546951.0,Southern N.H.,Molloy,2023-03-04,A,11,10,W,1
2023,2,546952,547003.0,Southern N.H.,Adelphi,2023-03-18,A,7,17,L,-10
2023,2,546952,546947.0,Southern N.H.,Le Moyne,2023-03-25,H,9,13,L,-4
2023,2,546952,547007.0,Southern N.H.,St. Anselm,2023-03-28,A,5,13,L,-8
2023,2,546952,546954.0,Southern N.H.,Pace,2023-04-01,H,11,12,L,-1
2023,2,546952,547006.0,Southern N.H.,Assumption,2023-04-05,H,11,6,W,5
2023,2,546952,547005.0,Southern N.H.,American Int'l,2023-04-08,A,16,8,W,8
2023,2,546952,546970.0,Southern N.H.,Saint Rose,2023-04-12,A,18,10,W,8
2023,2,546952,546945.0,Southern N.H.,Franklin Pierce,2023-04-19,H,13,12,W,1
2023,2,546952,547009.0,Southern N.H.,Saint Michael's,2023-04-22,H,10,9,W,1
2023,2,546952,546940.0,Southern N.H.,Bentley,2023-04-25,A,5,16,L,-11
2023,2,546952,547003.0,Southern N.H.,#3 Adelphi 2023 NE10 MLA Championship,2023-04-29,A,4,21,L,-17
2023,2,547007,546970.0,St. Anselm,Saint Rose,2023-03-01,H,16,8,W,8
2023,2,547007,546940.0,St. Anselm,Bentley,2023-03-11,H,17,6,W,11
2023,2,547007,546947.0,St. Anselm,Le Moyne,2023-03-18,A,8,9,L,-1
2023,2,547007,547003.0,St. Anselm,Adelphi,2023-03-25,H,4,11,L,-7
2023,2,547007,546952.0,St. Anselm,Southern N.H.,2023-03-28,H,13,5,W,8
2023,2,547007,546940.0,St. Anselm,Bentley,2023-04-01,A,11,8,W,3
2023,2,547007,546945.0,St. Anselm,Franklin Pierce,2023-04-05,A,17,7,W,10
2023,2,547007,547005.0,St. Anselm,American Int'l,2023-04-11,H,23,2,W,21
2023,2,547007,547009.0,St. Anselm,Saint Michael's,2023-04-15,A,17,11,W,6
2023,2,547007,546954.0,St. Anselm,Pace,2023-04-19,A,9,10,L,-1
2023,2,547007,547006.0,St. Anselm,Assumption,2023-04-25,H,15,13,W,2
2023,2,547007,546954.0,St. Anselm,#4 Pace 2023 NE10 MLA Championship,2023-04-29,A,15,12,W,3
2023,2,547007,546947.0,St. Anselm,#1 Le Moyne 2023 NE10 MLA Championship,2023-05-03,A,4,8,L,-4
2023,2,547007,546949.0,St. Anselm,#3 Mercy 2023 NCAA DII MLA Championship,2023-05-10,A,17,16,W,1
2023,2,547007,546950.0,St. Anselm,#2 Mercyhurst 2023 NCAA DII MLA Championship,2023-05-14,A,9,10,L,-1
2023,2,546971,547005.0,St. Thomas Aquinas,American Int'l,2023-02-18,H,8,17,L,-9
2023,2,546971,546999.0,St. Thomas Aquinas,Felician,2023-03-02,A,12,6,W,6
2023,2,546971,551553.0,St. Thomas Aquinas,Bridgeport,2023-03-05,A,13,11,W,2
2023,2,546971,546968.0,St. Thomas Aquinas,Post,2023-03-08,A,7,9,L,-2
2023,2,546971,546958.0,St. Thomas Aquinas,Caldwell,2023-03-11,H,10,9,W,1
2023,2,546971,547000.0,St. Thomas Aquinas,Frostburg St.,2023-03-18,H,4,20,L,-16
2023,2,546971,546978.0,St. Thomas Aquinas,Georgian Court,2023-03-22,A,7,15,L,-8
2023,2,546971,546989.0,St. Thomas Aquinas,Roberts Wesleyan,2023-03-25,H,8,23,L,-15
2023,2,546971,546977.0,St. Thomas Aquinas,Dominican (NY),2023-03-29,A,10,7,W,3
2023,2,546971,546951.0,St. Thomas Aquinas,Molloy,2023-04-01,A,7,11,L,-4
2023,2,546971,547014.0,St. Thomas Aquinas,D'Youville,2023-04-15,A,17,15,W,2
2023,2,546971,546949.0,St. Thomas Aquinas,Mercy,2023-04-23,H,4,17,L,-13
2023,2,546971,546942.0,St. Thomas Aquinas,Dist. Columbia,2023-04-29,A,24,7,W,17
2023,2,547010,546943.0,Tampa,Florida Tech,2023-02-04,A,13,7,W,6
2023,2,547010,546997.0,Tampa,Wilmington (DE),2023-02-11,H,25,5,W,20
2023,2,547010,547015.0,Tampa,Flagler,2023-02-15,H,22,7,W,15
2023,2,547010,546963.0,Tampa,"Lenoir-Rhyne @Savannah, Ga.",2023-02-19,H,13,9,W,4
2023,2,547010,547000.0,Tampa,"Frostburg St. @Boyds, MD",2023-03-04,H,12,14,L,-2
2023,2,547010,546996.0,Tampa,Embry-Riddle (FL),2023-03-08,H,20,3,W,17
2023,2,547010,546995.0,Tampa,Palm Beach Atl.,2023-03-11,H,19,4,W,15
2023,2,547010,546980.0,Tampa,Colorado Mesa,2023-03-20,H,19,11,W,8
2023,2,547010,546993.0,Tampa,Westminster (UT),2023-03-23,H,11,10,W,1
2023,2,547010,546955.0,Tampa,Rollins,2023-04-01,A,6,12,L,-6
2023,2,547010,546943.0,Tampa,Florida Tech,2023-04-05,H,14,11,W,3
2023,2,547010,546944.0,Tampa,Fla. Southern,2023-04-08,A,17,8,W,9
2023,2,547010,547008.0,Tampa,Saint Leo,2023-04-12,H,20,10,W,10
2023,2,547010,546984.0,Tampa,Lynn,2023-04-15,A,21,10,W,11
2023,2,547010,546986.0,Tampa,"Seton Hill @Sparks, MD",2023-04-22,H,10,8,W,2
2023,2,547010,546944.0,Tampa,Fla. Southern,2023-04-27,H,10,12,L,-2
2023,2,547010,546963.0,Tampa,#5 Lenoir-Rhyne 2023 NCAA DII MLA Championship,2023-05-10,H,9,10,L,-1
2023,2,546982,546974.0,Tusculum,CSU Pueblo,2023-02-04,H,9,7,W,2
2023,2,546982,546976.0,Tusculum,Chowan,2023-02-11,A,18,17,W,1
2023,2,546982,546992.0,Tusculum,Emmanuel (GA),2023-02-18,H,15,4,W,11
2023,2,546982,546972.0,Tusculum,Wingate,2023-02-25,A,8,20,L,-12
2023,2,546982,546983.0,Tusculum,Lees-McRae,2023-03-01,A,14,6,W,8
2023,2,546982,547004.0,Tusculum,UAH,2023-03-03,H,7,15,L,-8
2023,2,546982,547001.0,Tusculum,Lander,2023-03-07,A,6,25,L,-19
2023,2,546982,546962.0,Tusculum,Coker,2023-03-12,A,5,7,L,-2
2023,2,546982,546956.0,Tusculum,Anderson (SC),2023-03-15,H,9,19,L,-10
2023,2,546982,546964.0,Tusculum,Limestone,2023-03-25,A,7,19,L,-12
2023,2,546982,546965.0,Tusculum,Lincoln Memorial,2023-03-29,H,10,17,L,-7
2023,2,546982,546961.0,Tusculum,Catawba,2023-04-01,H,9,10,L,-1
2023,2,546982,546963.0,Tusculum,Lenoir-Rhyne,2023-04-08,A,4,21,L,-17
2023,2,546982,546998.0,Tusculum,Newberry,2023-04-15,H,14,22,L,-8
2023,2,546982,546966.0,Tusculum,Mars Hill,2023-04-22,A,13,15,L,-2
2023,2,546946,546975.0,UIndy,Lake Erie,2023-02-04,H,21,10,W,11
2023,2,546946,546993.0,UIndy,Westminster (UT),2023-02-11,H,15,11,W,4
2023,2,546946,546986.0,UIndy,Seton Hill,2023-02-18,A,17,16,W,1
2023,2,546946,546994.0,UIndy,Montevallo,2023-02-25,H,12,4,W,8
2023,2,546946,546947.0,UIndy,"Le Moyne @Rocky River, Ohio",2023-03-05,H,13,15,L,-2
2023,2,546946,546988.0,UIndy,Walsh,2023-03-08,A,20,4,W,16
2023,2,546946,546950.0,UIndy,Mercyhurst,2023-03-18,A,9,6,W,3
2023,2,546946,546959.0,UIndy,Lewis,2023-03-25,A,13,12,W,1
2023,2,546946,546960.0,UIndy,Davenport,2023-04-01,H,21,10,W,11
2023,2,546946,546948.0,UIndy,Maryville (MO),2023-04-08,H,15,11,W,4
2023,2,546946,546969.0,UIndy,Rockhurst,2023-04-15,A,15,6,W,9
2023,2,546946,546972.0,UIndy,Wingate,2023-04-22,A,9,14,L,-5
2023,2,546946,547013.0,UIndy,Quincy,2023-04-29,A,18,4,W,14
2023,2,546946,546959.0,UIndy,#4 Lewis 2023 GLVC MLA Championship,2023-05-05,H,11,12,L,-1
2023,2,546946,546972.0,UIndy,#3 Wingate 2023 NCAA DII MLA Championship,2023-05-10,A,11,10,W,1
2023,2,546946,546964.0,UIndy,#2 Limestone 2023 NCAA DII MLA Championship,2023-05-14,A,10,11,L,-1
2023,2,546988,546948.0,Walsh,Maryville (MO),2023-02-18,A,6,17,L,-11
2023,2,546988,546951.0,Walsh,Molloy,2023-02-25,A,4,9,L,-5
2023,2,546988,547014.0,Walsh,D'Youville,2023-03-05,H,19,5,W,14
2023,2,546988,546946.0,Walsh,UIndy,2023-03-08,H,4,20,L,-16
2023,2,546988,547000.0,Walsh,Frostburg St.,2023-03-11,A,8,17,L,-9
2023,2,546988,546957.0,Walsh,Wheeling,2023-03-18,A,13,10,W,3
2023,2,546988,546975.0,Walsh,Lake Erie,2023-03-22,H,12,16,L,-4
2023,2,546988,546960.0,Walsh,Davenport,2023-03-25,A,12,13,L,-1
2023,2,546988,546959.0,Walsh,Lewis,2023-04-01,H,9,14,L,-5
2023,2,546988,546950.0,Walsh,Mercyhurst,2023-04-04,A,6,15,L,-9
2023,2,546988,550213.0,Walsh,Malone,2023-04-12,H,22,6,W,16
2023,2,546988,546941.0,Walsh,Davis & Elkins,2023-04-15,A,15,4,W,11
2023,2,546988,553533.0,Walsh,Thomas More,2023-04-22,H,21,0,W,21
2023,2,546988,546986.0,Walsh,Seton Hill,2023-04-26,H,5,13,L,-8
2023,2,546988,547012.0,Walsh,Alderson Broaddus,2023-04-29,H,18,3,W,15
2023,2,546988,546986.0,Walsh,#1 Seton Hill 2023 G-MAC MLA Championship,2023-05-03,A,6,19,L,-13
2023,2,546993,546946.0,Westminster (UT),UIndy,2023-02-11,A,11,15,L,-4
2023,2,546993,546948.0,Westminster (UT),Maryville (MO),2023-02-24,A,11,12,L,-1
2023,2,546993,546969.0,Westminster (UT),"Rockhurst @St. Louis, MO",2023-02-26,H,10,9,W,1
2023,2,546993,546984.0,Westminster (UT),Lynn,2023-03-03,H,14,10,W,4
2023,2,546993,546974.0,Westminster (UT),CSU Pueblo,2023-03-06,H,22,1,W,21
2023,2,546993,546955.0,Westminster (UT),Rollins,2023-03-13,H,11,21,L,-10
2023,2,546993,547010.0,Westminster (UT),Tampa,2023-03-23,A,10,11,L,-1
2023,2,546993,546944.0,Westminster (UT),Fla. Southern,2023-03-26,A,9,14,L,-5
2023,2,546993,546980.0,Westminster (UT),Colorado Mesa,2023-04-01,A,8,23,L,-15
2023,2,546993,546974.0,Westminster (UT),CSU Pueblo,2023-04-07,A,25,11,W,14
2023,2,546993,547011.0,Westminster (UT),Adams St.,2023-04-08,A,21,3,W,18
2023,2,546993,547063.0,Westminster (UT),Whittier,2023-04-15,H,21,5,W,16
2023,2,546993,546980.0,Westminster (UT),Colorado Mesa,2023-04-23,H,13,14,L,-1
2023,2,546993,547011.0,Westminster (UT),Adams St.,2023-04-28,H,20,4,W,16
2023,2,546993,546974.0,Westminster (UT),"#3 CSU Pueblo @Grand Junction, CO (2023 RMAC MLA Tournament)",2023-05-04,H,18,6,W,12
2023,2,546993,546980.0,Westminster (UT),#1 Colorado Mesa 2023 RMAC MLA Tournament,2023-05-05,A,16,21,L,-5
2023,2,546957,546989.0,Wheeling,Roberts Wesleyan,2023-02-11,H,10,20,L,-10
2023,2,546957,547013.0,Wheeling,Quincy,2023-02-17,H,7,13,L,-6
2023,2,546957,546969.0,Wheeling,Rockhurst,2023-02-19,H,6,11,L,-5
2023,2,546957,547014.0,Wheeling,D'Youville,2023-03-01,H,29,10,W,19
2023,2,546957,546976.0,Wheeling,Chowan,2023-03-05,A,16,15,W,1
2023,2,546957,546960.0,Wheeling,Davenport,2023-03-10,H,11,12,L,-1
2023,2,546957,546988.0,Wheeling,Walsh,2023-03-18,H,10,13,L,-3
2023,2,546957,547000.0,Wheeling,Frostburg St.,2023-03-21,H,6,20,L,-14
2023,2,546957,546941.0,Wheeling,Davis & Elkins,2023-03-25,A,20,18,W,2
2023,2,546957,550213.0,Wheeling,Malone,2023-04-01,A,17,14,W,3
2023,2,546957,546959.0,Wheeling,Lewis,2023-04-02,H,5,21,L,-16
2023,2,546957,546986.0,Wheeling,Seton Hill,2023-04-08,H,8,22,L,-14
2023,2,546957,546975.0,Wheeling,Lake Erie,2023-04-15,A,7,19,L,-12
2023,2,546957,547012.0,Wheeling,Alderson Broaddus,2023-04-22,A,20,2,W,18
2023,2,546957,546950.0,Wheeling,Mercyhurst,2023-04-29,H,6,21,L,-15
2023,2,546997,547010.0,Wilmington (DE),Tampa,2023-02-11,A,5,25,L,-20
2023,2,546997,546950.0,Wilmington (DE),Mercyhurst,2023-02-25,H,8,15,L,-7
2023,2,546997,546954.0,Wilmington (DE),Pace,2023-03-04,H,8,18,L,-10
2023,2,546997,546949.0,Wilmington (DE),Mercy,2023-03-11,A,9,19,L,-10
2023,2,546997,546975.0,Wilmington (DE),Lake Erie,2023-03-17,H,12,11,W,1
2023,2,546997,546958.0,Wilmington (DE),Caldwell,2023-04-01,H,25,15,W,10
2023,2,546997,546978.0,Wilmington (DE),Georgian Court,2023-04-04,A,13,15,L,-2
2023,2,546997,546985.0,Wilmington (DE),Chestnut Hill,2023-04-12,A,10,15,L,-5
2023,2,546997,546977.0,Wilmington (DE),Dominican (NY),2023-04-18,H,25,10,W,15
2023,2,546997,546999.0,Wilmington (DE),Felician,2023-04-22,A,24,6,W,18
2023,2,546997,546968.0,Wilmington (DE),Post,2023-04-26,H,24,14,W,10
2023,2,546997,551553.0,Wilmington (DE),Bridgeport,2023-04-28,A,22,6,W,16
2023,2,546997,546985.0,Wilmington (DE),"#2 Chestnut Hill @Waterbury, CT (2023 CACC MLA Championship)",2023-05-05,H,8,12,L,-4
2023,2,546972,547002.0,Wingate,Barton,2023-02-04,H,24,8,W,16
2023,2,546972,546950.0,Wingate,Mercyhurst,2023-02-11,H,13,16,L,-3
2023,2,546972,546967.0,Wingate,Mount Olive,2023-02-18,A,19,10,W,9
2023,2,546972,546982.0,Wingate,Tusculum,2023-02-25,H,20,8,W,12
2023,2,546972,546964.0,Wingate,"Limestone @Charlotte, NC",2023-03-04,H,19,14,W,5
2023,2,546972,546998.0,Wingate,Newberry,2023-03-11,H,16,14,W,2
2023,2,546972,546961.0,Wingate,Catawba,2023-03-15,A,15,8,W,7
2023,2,546972,546965.0,Wingate,Lincoln Memorial,2023-03-18,A,12,2,W,10
2023,2,546972,546966.0,Wingate,Mars Hill,2023-03-25,H,17,9,W,8
2023,2,546972,546963.0,Wingate,Lenoir-Rhyne,2023-03-29,A,16,10,W,6
2023,2,546972,546956.0,Wingate,Anderson (SC),2023-04-08,H,14,9,W,5
2023,2,546972,546962.0,Wingate,Coker,2023-04-15,H,24,7,W,17
2023,2,546972,546946.0,Wingate,UIndy,2023-04-22,H,14,9,W,5
2023,2,546972,546964.0,Wingate,"#5 Limestone @Matthews, NC (2023 SAC MLA Championship)",2023-04-29,H,15,22,L,-7
2023,2,546972,546946.0,Wingate,#6 UIndy 2023 NCAA DII MLA Championship,2023-05-10,H,10,11,L,-1
2023,2,546991,546979.0,Young Harris,North Greenville,2023-02-04,H,10,19,L,-9
2023,2,546991,546998.0,Young Harris,Newberry,2023-02-08,A,10,19,L,-9
2023,2,546991,547002.0,Young Harris,Barton,2023-02-11,A,12,21,L,-9
2023,2,546991,546956.0,Young Harris,Anderson (SC),2023-02-18,A,3,23,L,-20
2023,2,546991,546965.0,Young Harris,Lincoln Memorial,2023-02-21,H,8,10,L,-2
2023,2,546991,546966.0,Young Harris,Mars Hill,2023-02-25,H,15,17,L,-2
2023,2,546991,546976.0,Young Harris,Chowan,2023-02-28,A,16,15,W,1
2023,2,546991,547008.0,Young Harris,Saint Leo,2023-03-08,A,6,19,L,-13
2023,2,546991,546944.0,Young Harris,Fla. Southern,2023-03-11,A,6,26,L,-20
2023,2,546991,546992.0,Young Harris,Emmanuel (GA),2023-03-22,A,12,11,W,1
2023,2,546991,546990.0,Young Harris,Shorter,2023-03-25,A,17,11,W,6
2023,2,546991,547015.0,Young Harris,Flagler,2023-04-01,H,10,16,L,-6
2023,2,546991,547001.0,Young Harris,Lander,2023-04-07,A,8,22,L,-14
2023,2,546991,547004.0,Young Harris,UAH,2023-04-15,H,11,17,L,-6
2023,2,546991,546994.0,Young Harris,Montevallo,2023-04-22,A,8,22,L,-14
2023,2,546991,547004.0,Young Harris,"#4 UAH @Greenwood, SC (2023 PBC MLA Tournament)",2023-04-28,H,5,18,L,-13
